CNN/data/image-1614435.0.jpg,0
CNN/data/image-1614436.0.jpg,0
CNN/data/image-1614437.0.jpg,0
CNN/data/image-1614438.0.jpg,0
CNN/data/image-1614439.0.jpg,0
CNN/data/image-1614440.0.jpg,0
CNN/data/image-1614441.0.jpg,0
CNN/data/image-1614442.0.jpg,0
CNN/data/image-1614443.0.jpg,0
CNN/data/image-1614444.0.jpg,0
CNN/data/image-1614445.0.jpg,0
CNN/data/image-1614446.0.jpg,0
CNN/data/image-1614447.0.jpg,0
CNN/data/image-1614448.0.jpg,0
CNN/data/image-1614449.0.jpg,0
CNN/data/image-1614450.0.jpg,0
CNN/data/image-1614451.0.jpg,0
CNN/data/image-1614452.0.jpg,0
CNN/data/image-1614453.0.jpg,0
CNN/data/image-1614454.0.jpg,0
CNN/data/image-1614455.0.jpg,0
CNN/data/image-1614456.0.jpg,0
CNN/data/image-1614457.0.jpg,0
CNN/data/image-1614458.0.jpg,0
CNN/data/image-1614459.0.jpg,0
CNN/data/image-1614460.0.jpg,0
CNN/data/image-1614461.0.jpg,0
CNN/data/image-1614462.0.jpg,0
CNN/data/image-1614463.0.jpg,0
CNN/data/image-1614464.0.jpg,0
CNN/data/image-1614465.0.jpg,0
CNN/data/image-1614466.0.jpg,0
CNN/data/image-1614467.0.jpg,0
CNN/data/image-1614468.0.jpg,0
CNN/data/image-1614469.0.jpg,0
CNN/data/image-1614470.0.jpg,0
CNN/data/image-1614471.0.jpg,0
CNN/data/image-1614472.0.jpg,-10
CNN/data/image-1614473.0.jpg,-10
CNN/data/image-1614474.0.jpg,-10
CNN/data/image-1614475.0.jpg,0
CNN/data/image-1614476.0.jpg,0
CNN/data/image-1614477.0.jpg,0
CNN/data/image-1614478.0.jpg,0
CNN/data/image-1614479.0.jpg,0
CNN/data/image-1614480.0.jpg,0
CNN/data/image-1614481.0.jpg,0
CNN/data/image-1614482.0.jpg,0
CNN/data/image-1614483.0.jpg,-10
CNN/data/image-1614484.0.jpg,-10
CNN/data/image-1614485.0.jpg,0
CNN/data/image-1614486.0.jpg,0
CNN/data/image-1614487.0.jpg,0
CNN/data/image-1614488.0.jpg,0
CNN/data/image-1614489.0.jpg,0
CNN/data/image-1614490.0.jpg,-10
CNN/data/image-1614491.0.jpg,-10
CNN/data/image-1614492.0.jpg,-10
CNN/data/image-1614493.0.jpg,-10
CNN/data/image-1614494.0.jpg,0
CNN/data/image-1614495.0.jpg,0
CNN/data/image-1614496.0.jpg,0
CNN/data/image-1614497.0.jpg,0
CNN/data/image-1614498.0.jpg,0
CNN/data/image-1614499.0.jpg,0
CNN/data/image-1614500.0.jpg,0
CNN/data/image-1614501.0.jpg,0
CNN/data/image-1614502.0.jpg,0
CNN/data/image-1614503.0.jpg,-10
CNN/data/image-1614504.0.jpg,-10
CNN/data/image-1614505.0.jpg,0
CNN/data/image-1614506.0.jpg,0
CNN/data/image-1614507.0.jpg,0
CNN/data/image-1614508.0.jpg,0
CNN/data/image-1614509.0.jpg,0
CNN/data/image-1614510.0.jpg,0
CNN/data/image-1614511.0.jpg,0
CNN/data/image-1614512.0.jpg,0
CNN/data/image-1614513.0.jpg,0
CNN/data/image-1614514.0.jpg,0
CNN/data/image-1614515.0.jpg,0
CNN/data/image-1614516.0.jpg,0
CNN/data/image-1614517.0.jpg,0
CNN/data/image-1614518.0.jpg,0
CNN/data/image-1614519.0.jpg,0
CNN/data/image-1614520.0.jpg,0
CNN/data/image-1614521.0.jpg,0
CNN/data/image-1614522.0.jpg,0
CNN/data/image-1614523.0.jpg,0
CNN/data/image-1614524.0.jpg,0
CNN/data/image-1614525.0.jpg,0
CNN/data/image-1614526.0.jpg,0
CNN/data/image-1614527.0.jpg,0
CNN/data/image-1614528.0.jpg,0
CNN/data/image-1614529.0.jpg,0
CNN/data/image-1614530.0.jpg,0
CNN/data/image-1614531.0.jpg,0
CNN/data/image-1614532.0.jpg,0
CNN/data/image-1614533.0.jpg,0
CNN/data/image-1614534.0.jpg,0
CNN/data/image-1614535.0.jpg,0
CNN/data/image-1614536.0.jpg,-10
CNN/data/image-1614537.0.jpg,-10
CNN/data/image-1614538.0.jpg,-10
CNN/data/image-1614539.0.jpg,0
CNN/data/image-1614540.0.jpg,0
CNN/data/image-1614541.0.jpg,0
CNN/data/image-1614542.0.jpg,0
CNN/data/image-1614543.0.jpg,0
CNN/data/image-1614544.0.jpg,0
CNN/data/image-1614545.0.jpg,0
CNN/data/image-1614546.0.jpg,0
CNN/data/image-1614547.0.jpg,0
CNN/data/image-1614548.0.jpg,0
CNN/data/image-1614549.0.jpg,0
CNN/data/image-1614550.0.jpg,0
CNN/data/image-1614551.0.jpg,0
CNN/data/image-1614552.0.jpg,0
CNN/data/image-1614553.0.jpg,0
CNN/data/image-1614554.0.jpg,0
CNN/data/image-1614555.0.jpg,0
CNN/data/image-1614556.0.jpg,0
CNN/data/image-1614557.0.jpg,0
CNN/data/image-1614558.0.jpg,0
CNN/data/image-1614559.0.jpg,0
CNN/data/image-1614560.0.jpg,0
CNN/data/image-1614561.0.jpg,0
CNN/data/image-1614562.0.jpg,0
CNN/data/image-1614563.0.jpg,0
CNN/data/image-1614564.0.jpg,0
CNN/data/image-1614565.0.jpg,0
CNN/data/image-1614566.0.jpg,0
CNN/data/image-1614567.0.jpg,0
CNN/data/image-1614568.0.jpg,0
CNN/data/image-1614569.0.jpg,0
CNN/data/image-1614570.0.jpg,0
CNN/data/image-1614571.0.jpg,0
CNN/data/image-1614572.0.jpg,0
CNN/data/image-1614573.0.jpg,0
CNN/data/image-1614574.0.jpg,0
CNN/data/image-1614575.0.jpg,0
CNN/data/image-1614576.0.jpg,0
CNN/data/image-1614577.0.jpg,0
CNN/data/image-1614578.0.jpg,0
CNN/data/image-1614579.0.jpg,0
CNN/data/image-1614580.0.jpg,0
CNN/data/image-1614581.0.jpg,10
CNN/data/image-1614582.0.jpg,10
CNN/data/image-1614583.0.jpg,10
CNN/data/image-1614584.0.jpg,10
CNN/data/image-1614585.0.jpg,10
CNN/data/image-1614586.0.jpg,10
CNN/data/image-1614587.0.jpg,10
CNN/data/image-1614588.0.jpg,10
CNN/data/image-1614589.0.jpg,10
CNN/data/image-1614590.0.jpg,10
CNN/data/image-1614591.0.jpg,10
CNN/data/image-1614592.0.jpg,10
CNN/data/image-1614593.0.jpg,10
CNN/data/image-1614594.0.jpg,10
CNN/data/image-1614595.0.jpg,10
CNN/data/image-1614596.0.jpg,10
CNN/data/image-1614597.0.jpg,10
CNN/data/image-1614598.0.jpg,10
CNN/data/image-1614599.0.jpg,10
CNN/data/image-1614600.0.jpg,10
CNN/data/image-1614601.0.jpg,10
CNN/data/image-1614602.0.jpg,10
CNN/data/image-1614603.0.jpg,10
CNN/data/image-1614604.0.jpg,10
CNN/data/image-1614605.0.jpg,10
CNN/data/image-1614606.0.jpg,10
CNN/data/image-1614607.0.jpg,10
CNN/data/image-1614608.0.jpg,10
CNN/data/image-1614609.0.jpg,10
CNN/data/image-1614610.0.jpg,10
CNN/data/image-1614611.0.jpg,10
CNN/data/image-1614612.0.jpg,10
CNN/data/image-1614613.0.jpg,10
CNN/data/image-1614614.0.jpg,10
CNN/data/image-1614615.0.jpg,10
CNN/data/image-1614616.0.jpg,10
CNN/data/image-1614617.0.jpg,10
CNN/data/image-1614618.0.jpg,10
CNN/data/image-1614619.0.jpg,10
CNN/data/image-1614620.0.jpg,10
CNN/data/image-1614621.0.jpg,10
CNN/data/image-1614622.0.jpg,10
CNN/data/image-1614623.0.jpg,10
CNN/data/image-1614624.0.jpg,10
CNN/data/image-1614625.0.jpg,10
CNN/data/image-1614626.0.jpg,10
CNN/data/image-1614627.0.jpg,10
CNN/data/image-1614628.0.jpg,10
CNN/data/image-1614629.0.jpg,10
CNN/data/image-1614630.0.jpg,10
CNN/data/image-1614631.0.jpg,10
CNN/data/image-1614632.0.jpg,10
CNN/data/image-1614633.0.jpg,10
CNN/data/image-1614634.0.jpg,10
CNN/data/image-1614635.0.jpg,10
CNN/data/image-1614636.0.jpg,10
CNN/data/image-1614637.0.jpg,10
CNN/data/image-1614638.0.jpg,10
CNN/data/image-1614639.0.jpg,10
CNN/data/image-1614640.0.jpg,10
CNN/data/image-1614641.0.jpg,10
CNN/data/image-1614642.0.jpg,10
CNN/data/image-1614643.0.jpg,10
CNN/data/image-1614644.0.jpg,10
CNN/data/image-1614645.0.jpg,10
CNN/data/image-1614646.0.jpg,10
CNN/data/image-1614647.0.jpg,10
CNN/data/image-1614648.0.jpg,10
CNN/data/image-1614649.0.jpg,10
CNN/data/image-1614650.0.jpg,10
CNN/data/image-1614651.0.jpg,10
CNN/data/image-1614652.0.jpg,10
CNN/data/image-1614653.0.jpg,10
CNN/data/image-1614654.0.jpg,10
CNN/data/image-1614655.0.jpg,10
CNN/data/image-1614656.0.jpg,10
CNN/data/image-1614657.0.jpg,10
CNN/data/image-1614658.0.jpg,10
CNN/data/image-1614659.0.jpg,10
CNN/data/image-1614660.0.jpg,10
CNN/data/image-1614661.0.jpg,10
CNN/data/image-1614662.0.jpg,-10
CNN/data/image-1614663.0.jpg,-10
CNN/data/image-1614664.0.jpg,-10
CNN/data/image-1614665.0.jpg,-10
CNN/data/image-1614666.0.jpg,-10
CNN/data/image-1614667.0.jpg,-10
CNN/data/image-1614668.0.jpg,-10
CNN/data/image-1614669.0.jpg,-10
CNN/data/image-1614670.0.jpg,-10
CNN/data/image-1614671.0.jpg,-10
CNN/data/image-1614672.0.jpg,-10
CNN/data/image-1614673.0.jpg,-10
CNN/data/image-1614674.0.jpg,-10
CNN/data/image-1614675.0.jpg,-10
CNN/data/image-1614676.0.jpg,0
CNN/data/image-1614677.0.jpg,0
CNN/data/image-1614678.0.jpg,10
CNN/data/image-1614679.0.jpg,10
CNN/data/image-1614680.0.jpg,10
CNN/data/image-1614681.0.jpg,10
CNN/data/image-1614682.0.jpg,10
CNN/data/image-1614683.0.jpg,10
CNN/data/image-1614684.0.jpg,10
CNN/data/image-1614685.0.jpg,10
CNN/data/image-1614686.0.jpg,10
CNN/data/image-1614687.0.jpg,10
CNN/data/image-1614688.0.jpg,10
CNN/data/image-1614689.0.jpg,10
CNN/data/image-1614690.0.jpg,10
CNN/data/image-1614691.0.jpg,10
CNN/data/image-1614692.0.jpg,10
CNN/data/image-1614693.0.jpg,10
CNN/data/image-1614694.0.jpg,10
CNN/data/image-1614695.0.jpg,10
CNN/data/image-1614696.0.jpg,10
CNN/data/image-1614697.0.jpg,10
CNN/data/image-1614698.0.jpg,10
CNN/data/image-1614699.0.jpg,10
CNN/data/image-1614700.0.jpg,10
CNN/data/image-1614701.0.jpg,10
CNN/data/image-1614702.0.jpg,10
CNN/data/image-1614703.0.jpg,10
CNN/data/image-1614704.0.jpg,10
CNN/data/image-1614705.0.jpg,10
CNN/data/image-1614706.0.jpg,10
CNN/data/image-1614707.0.jpg,10
CNN/data/image-1614708.0.jpg,10
CNN/data/image-1614709.0.jpg,10
CNN/data/image-1614710.0.jpg,10
CNN/data/image-1614711.0.jpg,0
CNN/data/image-1614712.0.jpg,0
CNN/data/image-1614713.0.jpg,0
CNN/data/image-1614714.0.jpg,0
CNN/data/image-1614715.0.jpg,0
CNN/data/image-1614716.0.jpg,0
CNN/data/image-1614717.0.jpg,0
CNN/data/image-1614718.0.jpg,10
CNN/data/image-1614719.0.jpg,10
CNN/data/image-1614720.0.jpg,10
CNN/data/image-1614721.0.jpg,0
CNN/data/image-1614722.0.jpg,0
CNN/data/image-1614723.0.jpg,0
CNN/data/image-1614724.0.jpg,0
CNN/data/image-1614725.0.jpg,0
CNN/data/image-1614726.0.jpg,-10
CNN/data/image-1614727.0.jpg,-10
CNN/data/image-1614728.0.jpg,-10
CNN/data/image-1614729.0.jpg,-10
CNN/data/image-1614730.0.jpg,-10
CNN/data/image-1614731.0.jpg,0
CNN/data/image-1614732.0.jpg,0
CNN/data/image-1614733.0.jpg,0
CNN/data/image-1614734.0.jpg,0
CNN/data/image-1614735.0.jpg,0
CNN/data/image-1614736.0.jpg,0
CNN/data/image-1614737.0.jpg,0
CNN/data/image-1614738.0.jpg,0
CNN/data/image-1614739.0.jpg,0
CNN/data/image-1614740.0.jpg,-10
CNN/data/image-1614741.0.jpg,-10
CNN/data/image-1614742.0.jpg,0
CNN/data/image-1614743.0.jpg,0
CNN/data/image-1614744.0.jpg,0
CNN/data/image-1614745.0.jpg,0
CNN/data/image-1614746.0.jpg,0
CNN/data/image-1614747.0.jpg,0
CNN/data/image-1614748.0.jpg,0
CNN/data/image-1614749.0.jpg,0
CNN/data/image-1614750.0.jpg,0
CNN/data/image-1614751.0.jpg,0
CNN/data/image-1614752.0.jpg,-10
CNN/data/image-1614753.0.jpg,-10
CNN/data/image-1614754.0.jpg,0
CNN/data/image-1614755.0.jpg,0
CNN/data/image-1614756.0.jpg,0
CNN/data/image-1614757.0.jpg,0
CNN/data/image-1614758.0.jpg,0
CNN/data/image-1614759.0.jpg,0
CNN/data/image-1614760.0.jpg,0
CNN/data/image-1614761.0.jpg,0
CNN/data/image-1614762.0.jpg,-10
CNN/data/image-1614763.0.jpg,-10
CNN/data/image-1614764.0.jpg,0
CNN/data/image-1614765.0.jpg,0
CNN/data/image-1614766.0.jpg,0
CNN/data/image-1614767.0.jpg,0
CNN/data/image-1614768.0.jpg,0
CNN/data/image-1614769.0.jpg,0
CNN/data/image-1614770.0.jpg,0
CNN/data/image-1614771.0.jpg,0
CNN/data/image-1614772.0.jpg,0
CNN/data/image-1614773.0.jpg,0
CNN/data/image-1614774.0.jpg,0
CNN/data/image-1614775.0.jpg,-10
CNN/data/image-1614776.0.jpg,-10
CNN/data/image-1614777.0.jpg,-10
CNN/data/image-1614778.0.jpg,0
CNN/data/image-1614779.0.jpg,0
CNN/data/image-1614780.0.jpg,0
CNN/data/image-1614781.0.jpg,0
CNN/data/image-1614782.0.jpg,0
CNN/data/image-1614783.0.jpg,0
CNN/data/image-1614784.0.jpg,0
CNN/data/image-1614785.0.jpg,-10
CNN/data/image-1614786.0.jpg,-10
CNN/data/image-1614787.0.jpg,-10
CNN/data/image-1614788.0.jpg,-10
CNN/data/image-1614789.0.jpg,-10
CNN/data/image-1614790.0.jpg,0
CNN/data/image-1614791.0.jpg,0
CNN/data/image-1614792.0.jpg,0
CNN/data/image-1614793.0.jpg,0
CNN/data/image-1614794.0.jpg,0
CNN/data/image-1614795.0.jpg,0
CNN/data/image-1614796.0.jpg,0
CNN/data/image-1614797.0.jpg,0
CNN/data/image-1614798.0.jpg,0
CNN/data/image-1614799.0.jpg,-10
CNN/data/image-1614800.0.jpg,-10
CNN/data/image-1614801.0.jpg,0
CNN/data/image-1614802.0.jpg,0
CNN/data/image-1614803.0.jpg,0
CNN/data/image-1614804.0.jpg,0
CNN/data/image-1614805.0.jpg,0
CNN/data/image-1614806.0.jpg,-10
CNN/data/image-1614807.0.jpg,-10
CNN/data/image-1614808.0.jpg,-10
CNN/data/image-1614809.0.jpg,0
CNN/data/image-1614810.0.jpg,0
CNN/data/image-1614811.0.jpg,0
CNN/data/image-1614812.0.jpg,0
CNN/data/image-1614813.0.jpg,0
CNN/data/image-1614814.0.jpg,0
CNN/data/image-1614815.0.jpg,-10
CNN/data/image-1614816.0.jpg,-10
CNN/data/image-1614817.0.jpg,-10
CNN/data/image-1614818.0.jpg,0
CNN/data/image-1614819.0.jpg,0
CNN/data/image-1614820.0.jpg,0
CNN/data/image-1614821.0.jpg,0
CNN/data/image-1614822.0.jpg,0
CNN/data/image-1614823.0.jpg,0
CNN/data/image-1614824.0.jpg,0
CNN/data/image-1614825.0.jpg,0
CNN/data/image-1614826.0.jpg,0
CNN/data/image-1614827.0.jpg,0
CNN/data/image-1614828.0.jpg,0
CNN/data/image-1614829.0.jpg,0
CNN/data/image-1614830.0.jpg,0
CNN/data/image-1614831.0.jpg,0
CNN/data/image-1614832.0.jpg,0
CNN/data/image-1614833.0.jpg,0
CNN/data/image-1614834.0.jpg,0
CNN/data/image-1614835.0.jpg,0
CNN/data/image-1614836.0.jpg,0
CNN/data/image-1614837.0.jpg,0
CNN/data/image-1614838.0.jpg,0
CNN/data/image-1614839.0.jpg,0
CNN/data/image-1614840.0.jpg,0
CNN/data/image-1614841.0.jpg,0
CNN/data/image-1614842.0.jpg,0
CNN/data/image-1614843.0.jpg,0
CNN/data/image-1614844.0.jpg,0
CNN/data/image-1614845.0.jpg,0
CNN/data/image-1614846.0.jpg,0
CNN/data/image-1614847.0.jpg,0
CNN/data/image-1614848.0.jpg,0
CNN/data/image-1614849.0.jpg,0
CNN/data/image-1614850.0.jpg,0
CNN/data/image-1614851.0.jpg,0
CNN/data/image-1614852.0.jpg,0
CNN/data/image-1614853.0.jpg,0
CNN/data/image-1614854.0.jpg,0
CNN/data/image-1614855.0.jpg,0
CNN/data/image-1614856.0.jpg,10
CNN/data/image-1614857.0.jpg,10
CNN/data/image-1614858.0.jpg,10
CNN/data/image-1614859.0.jpg,10
CNN/data/image-1614860.0.jpg,10
CNN/data/image-1614861.0.jpg,10
CNN/data/image-1614862.0.jpg,10
CNN/data/image-1614863.0.jpg,10
CNN/data/image-1614864.0.jpg,10
CNN/data/image-1614865.0.jpg,10
CNN/data/image-1614866.0.jpg,10
CNN/data/image-1614867.0.jpg,10
CNN/data/image-1614868.0.jpg,10
CNN/data/image-1614869.0.jpg,10
CNN/data/image-1614870.0.jpg,10
CNN/data/image-1614871.0.jpg,10
CNN/data/image-1614872.0.jpg,10
CNN/data/image-1614873.0.jpg,10
CNN/data/image-1614874.0.jpg,10
CNN/data/image-1614875.0.jpg,10
CNN/data/image-1614876.0.jpg,10
CNN/data/image-1614877.0.jpg,10
CNN/data/image-1614878.0.jpg,10
CNN/data/image-1614879.0.jpg,10
CNN/data/image-1614880.0.jpg,10
CNN/data/image-1614881.0.jpg,10
CNN/data/image-1614882.0.jpg,10
CNN/data/image-1614883.0.jpg,10
CNN/data/image-1614884.0.jpg,10
CNN/data/image-1614885.0.jpg,10
CNN/data/image-1614886.0.jpg,10
CNN/data/image-1614887.0.jpg,10
CNN/data/image-1614888.0.jpg,10
CNN/data/image-1614889.0.jpg,10
CNN/data/image-1614890.0.jpg,10
CNN/data/image-1614891.0.jpg,10
CNN/data/image-1614892.0.jpg,10
CNN/data/image-1614893.0.jpg,10
CNN/data/image-1614894.0.jpg,10
CNN/data/image-1614895.0.jpg,10
CNN/data/image-1614896.0.jpg,10
CNN/data/image-1614897.0.jpg,10
CNN/data/image-1614898.0.jpg,10
CNN/data/image-1614899.0.jpg,10
CNN/data/image-1614900.0.jpg,10
CNN/data/image-1614901.0.jpg,10
CNN/data/image-1614902.0.jpg,10
CNN/data/image-1614903.0.jpg,10
CNN/data/image-1614904.0.jpg,10
CNN/data/image-1614905.0.jpg,10
CNN/data/image-1614906.0.jpg,10
CNN/data/image-1614907.0.jpg,10
CNN/data/image-1614908.0.jpg,10
CNN/data/image-1614909.0.jpg,10
CNN/data/image-1614910.0.jpg,10
CNN/data/image-1614911.0.jpg,10
CNN/data/image-1614912.0.jpg,10
CNN/data/image-1614913.0.jpg,10
CNN/data/image-1614914.0.jpg,10
CNN/data/image-1614915.0.jpg,10
CNN/data/image-1614916.0.jpg,10
CNN/data/image-1614917.0.jpg,10
CNN/data/image-1614918.0.jpg,10
CNN/data/image-1614919.0.jpg,10
CNN/data/image-1614920.0.jpg,10
CNN/data/image-1614921.0.jpg,10
CNN/data/image-1614922.0.jpg,10
CNN/data/image-1614923.0.jpg,10
CNN/data/image-1614924.0.jpg,10
CNN/data/image-1614925.0.jpg,10
CNN/data/image-1614926.0.jpg,10
CNN/data/image-1614927.0.jpg,0
CNN/data/image-1614928.0.jpg,0
CNN/data/image-1614929.0.jpg,-10
CNN/data/image-1614930.0.jpg,-10
CNN/data/image-1614931.0.jpg,-10
CNN/data/image-1614932.0.jpg,-10
CNN/data/image-1614933.0.jpg,-10
CNN/data/image-1614934.0.jpg,-10
CNN/data/image-1614935.0.jpg,-10
CNN/data/image-1614936.0.jpg,-10
CNN/data/image-1614937.0.jpg,-10
CNN/data/image-1614938.0.jpg,-10
CNN/data/image-1614939.0.jpg,-10
CNN/data/image-1614940.0.jpg,-10
CNN/data/image-1614941.0.jpg,-10
CNN/data/image-1614942.0.jpg,-10
CNN/data/image-1614943.0.jpg,-10
CNN/data/image-1614944.0.jpg,-10
CNN/data/image-1614945.0.jpg,-10
CNN/data/image-1614946.0.jpg,0
CNN/data/image-1614947.0.jpg,10
CNN/data/image-1614948.0.jpg,10
CNN/data/image-1614949.0.jpg,10
CNN/data/image-1614950.0.jpg,10
CNN/data/image-1614951.0.jpg,10
CNN/data/image-1614952.0.jpg,10
CNN/data/image-1614953.0.jpg,10
CNN/data/image-1614954.0.jpg,10
CNN/data/image-1614955.0.jpg,10
CNN/data/image-1614956.0.jpg,10
CNN/data/image-1614957.0.jpg,10
CNN/data/image-1614958.0.jpg,10
CNN/data/image-1614959.0.jpg,10
CNN/data/image-1614960.0.jpg,10
CNN/data/image-1614961.0.jpg,10
CNN/data/image-1614962.0.jpg,10
CNN/data/image-1614963.0.jpg,10
CNN/data/image-1614964.0.jpg,10
CNN/data/image-1614965.0.jpg,10
CNN/data/image-1614966.0.jpg,10
CNN/data/image-1614967.0.jpg,10
CNN/data/image-1614968.0.jpg,10
CNN/data/image-1614969.0.jpg,10
CNN/data/image-1614970.0.jpg,10
CNN/data/image-1614971.0.jpg,10
CNN/data/image-1614972.0.jpg,10
CNN/data/image-1614973.0.jpg,10
CNN/data/image-1614974.0.jpg,0
CNN/data/image-1614975.0.jpg,0
CNN/data/image-1614976.0.jpg,0
CNN/data/image-1614977.0.jpg,0
CNN/data/image-1614978.0.jpg,10
CNN/data/image-1614979.0.jpg,10
CNN/data/image-1614980.0.jpg,10
CNN/data/image-1614981.0.jpg,10
CNN/data/image-1614982.0.jpg,10
CNN/data/image-1614983.0.jpg,0
CNN/data/image-1614984.0.jpg,0
CNN/data/image-1614985.0.jpg,0
CNN/data/image-1614986.0.jpg,0
CNN/data/image-1614987.0.jpg,0
CNN/data/image-1614988.0.jpg,0
CNN/data/image-1614989.0.jpg,0
CNN/data/image-1614990.0.jpg,0
CNN/data/image-1614991.0.jpg,0
CNN/data/image-1614992.0.jpg,0
CNN/data/image-1614993.0.jpg,0
CNN/data/image-1614994.0.jpg,-10
CNN/data/image-1614995.0.jpg,-10
CNN/data/image-1614996.0.jpg,0
CNN/data/image-1614997.0.jpg,0
CNN/data/image-1614998.0.jpg,0
CNN/data/image-1614999.0.jpg,0
CNN/data/image-1615000.0.jpg,0
CNN/data/image-1615001.0.jpg,0
CNN/data/image-1615002.0.jpg,0
CNN/data/image-1615003.0.jpg,0
CNN/data/image-1615004.0.jpg,-10
CNN/data/image-1615005.0.jpg,-10
CNN/data/image-1615006.0.jpg,-10
CNN/data/image-1615007.0.jpg,0
CNN/data/image-1615008.0.jpg,0
CNN/data/image-1615009.0.jpg,0
CNN/data/image-1615010.0.jpg,0
CNN/data/image-1615011.0.jpg,0
CNN/data/image-1615012.0.jpg,-10
CNN/data/image-1615013.0.jpg,-10
CNN/data/image-1615014.0.jpg,-10
CNN/data/image-1615015.0.jpg,0
CNN/data/image-1615016.0.jpg,0
CNN/data/image-1615017.0.jpg,0
CNN/data/image-1615018.0.jpg,0
CNN/data/image-1615019.0.jpg,0
CNN/data/image-1615020.0.jpg,0
CNN/data/image-1615021.0.jpg,0
CNN/data/image-1615022.0.jpg,-10
CNN/data/image-1615023.0.jpg,-10
CNN/data/image-1615024.0.jpg,0
CNN/data/image-1615025.0.jpg,0
CNN/data/image-1615026.0.jpg,0
CNN/data/image-1615027.0.jpg,0
CNN/data/image-1615028.0.jpg,0
CNN/data/image-1615029.0.jpg,0
CNN/data/image-1615030.0.jpg,0
CNN/data/image-1615031.0.jpg,-10
CNN/data/image-1615032.0.jpg,-10
CNN/data/image-1615033.0.jpg,0
CNN/data/image-1615034.0.jpg,0
CNN/data/image-1615035.0.jpg,0
CNN/data/image-1615036.0.jpg,0
CNN/data/image-1615037.0.jpg,0
CNN/data/image-1615038.0.jpg,-10
CNN/data/image-1615039.0.jpg,-10
CNN/data/image-1615040.0.jpg,-10
CNN/data/image-1615041.0.jpg,0
CNN/data/image-1615042.0.jpg,0
CNN/data/image-1615043.0.jpg,0
CNN/data/image-1615044.0.jpg,0
CNN/data/image-1615045.0.jpg,-10
CNN/data/image-1615046.0.jpg,-10
CNN/data/image-1615047.0.jpg,-10
CNN/data/image-1615048.0.jpg,-10
CNN/data/image-1615049.0.jpg,0
CNN/data/image-1615050.0.jpg,0
CNN/data/image-1615051.0.jpg,0
CNN/data/image-1615052.0.jpg,0
CNN/data/image-1615053.0.jpg,-10
CNN/data/image-1615054.0.jpg,-10
CNN/data/image-1615055.0.jpg,-10
CNN/data/image-1615056.0.jpg,-10
CNN/data/image-1615057.0.jpg,0
CNN/data/image-1615058.0.jpg,0
CNN/data/image-1615059.0.jpg,0
CNN/data/image-1615060.0.jpg,0
CNN/data/image-1615061.0.jpg,-10
CNN/data/image-1615062.0.jpg,-10
CNN/data/image-1615063.0.jpg,0
CNN/data/image-1615064.0.jpg,0
CNN/data/image-1615065.0.jpg,0
CNN/data/image-1615066.0.jpg,-10
CNN/data/image-1615067.0.jpg,-10
CNN/data/image-1615068.0.jpg,-10
CNN/data/image-1615069.0.jpg,-10
CNN/data/image-1615070.0.jpg,-10
CNN/data/image-1615071.0.jpg,0
CNN/data/image-1615072.0.jpg,0
CNN/data/image-1615073.0.jpg,0
CNN/data/image-1615074.0.jpg,0
CNN/data/image-1615075.0.jpg,0
CNN/data/image-1615076.0.jpg,0
CNN/data/image-1615077.0.jpg,0
CNN/data/image-1615078.0.jpg,0
CNN/data/image-1615079.0.jpg,0
CNN/data/image-1615080.0.jpg,0
CNN/data/image-1615081.0.jpg,0
CNN/data/image-1615082.0.jpg,0
CNN/data/image-1615083.0.jpg,0
CNN/data/image-1615084.0.jpg,0
CNN/data/image-1615085.0.jpg,0
CNN/data/image-1615086.0.jpg,0
CNN/data/image-1615087.0.jpg,0
CNN/data/image-1615088.0.jpg,0
CNN/data/image-1615089.0.jpg,-10
CNN/data/image-1615090.0.jpg,-10
CNN/data/image-1615091.0.jpg,0
CNN/data/image-1615092.0.jpg,0
CNN/data/image-1615093.0.jpg,0
CNN/data/image-1615094.0.jpg,0
CNN/data/image-1615095.0.jpg,0
CNN/data/image-1615096.0.jpg,-10
CNN/data/image-1615097.0.jpg,-10
CNN/data/image-1615098.0.jpg,-10
CNN/data/image-1615099.0.jpg,-10
CNN/data/image-1615100.0.jpg,0
CNN/data/image-1615101.0.jpg,0
CNN/data/image-1615102.0.jpg,0
CNN/data/image-1615103.0.jpg,-10
CNN/data/image-1615104.0.jpg,-10
CNN/data/image-1615105.0.jpg,-10
CNN/data/image-1615106.0.jpg,-10
CNN/data/image-1615107.0.jpg,0
CNN/data/image-1615108.0.jpg,0
CNN/data/image-1615109.0.jpg,0
CNN/data/image-1615110.0.jpg,0
CNN/data/image-1615111.0.jpg,0
CNN/data/image-1615112.0.jpg,0
CNN/data/image-1615113.0.jpg,0
CNN/data/image-1615114.0.jpg,0
CNN/data/image-1615115.0.jpg,0
CNN/data/image-1615116.0.jpg,0
CNN/data/image-1615117.0.jpg,0
CNN/data/image-1615118.0.jpg,0
CNN/data/image-1615119.0.jpg,0
CNN/data/image-1615120.0.jpg,0
CNN/data/image-1615121.0.jpg,0
CNN/data/image-1615122.0.jpg,0
CNN/data/image-1615123.0.jpg,0
CNN/data/image-1615124.0.jpg,0
CNN/data/image-1615125.0.jpg,0
CNN/data/image-1615126.0.jpg,0
CNN/data/image-1615127.0.jpg,0
CNN/data/image-1615128.0.jpg,0
CNN/data/image-1615129.0.jpg,0
CNN/data/image-1615130.0.jpg,0
CNN/data/image-1615131.0.jpg,0
CNN/data/image-1615132.0.jpg,0
CNN/data/image-1615133.0.jpg,0
CNN/data/image-1615134.0.jpg,0
CNN/data/image-1615135.0.jpg,0
CNN/data/image-1615136.0.jpg,0
CNN/data/image-1615137.0.jpg,0
CNN/data/image-1615138.0.jpg,0
CNN/data/image-1615139.0.jpg,0
CNN/data/image-1615140.0.jpg,0
CNN/data/image-1615141.0.jpg,0
CNN/data/image-1615142.0.jpg,10
CNN/data/image-1615143.0.jpg,10
CNN/data/image-1615144.0.jpg,10
CNN/data/image-1615145.0.jpg,10
CNN/data/image-1615146.0.jpg,10
CNN/data/image-1615147.0.jpg,10
CNN/data/image-1615148.0.jpg,10
CNN/data/image-1615149.0.jpg,10
CNN/data/image-1615150.0.jpg,10
CNN/data/image-1615151.0.jpg,10
CNN/data/image-1615152.0.jpg,10
CNN/data/image-1615153.0.jpg,10
CNN/data/image-1615154.0.jpg,10
CNN/data/image-1615155.0.jpg,10
CNN/data/image-1615156.0.jpg,10
CNN/data/image-1615157.0.jpg,10
CNN/data/image-1615158.0.jpg,10
CNN/data/image-1615159.0.jpg,10
CNN/data/image-1615160.0.jpg,10
CNN/data/image-1615161.0.jpg,10
CNN/data/image-1615162.0.jpg,10
CNN/data/image-1615163.0.jpg,10
CNN/data/image-1615164.0.jpg,10
CNN/data/image-1615165.0.jpg,10
CNN/data/image-1615166.0.jpg,10
CNN/data/image-1615167.0.jpg,10
CNN/data/image-1615168.0.jpg,10
CNN/data/image-1615169.0.jpg,10
CNN/data/image-1615170.0.jpg,10
CNN/data/image-1615171.0.jpg,10
CNN/data/image-1615172.0.jpg,10
CNN/data/image-1615173.0.jpg,10
CNN/data/image-1615174.0.jpg,10
CNN/data/image-1615175.0.jpg,10
CNN/data/image-1615176.0.jpg,10
CNN/data/image-1615177.0.jpg,10
CNN/data/image-1615178.0.jpg,10
CNN/data/image-1615179.0.jpg,10
CNN/data/image-1615180.0.jpg,10
CNN/data/image-1615181.0.jpg,10
CNN/data/image-1615182.0.jpg,10
CNN/data/image-1615183.0.jpg,10
CNN/data/image-1615184.0.jpg,10
CNN/data/image-1615185.0.jpg,10
CNN/data/image-1615186.0.jpg,10
CNN/data/image-1615187.0.jpg,10
CNN/data/image-1615188.0.jpg,10
CNN/data/image-1615189.0.jpg,10
CNN/data/image-1615190.0.jpg,10
CNN/data/image-1615191.0.jpg,10
CNN/data/image-1615192.0.jpg,10
CNN/data/image-1615193.0.jpg,10
CNN/data/image-1615194.0.jpg,10
CNN/data/image-1615195.0.jpg,10
CNN/data/image-1615196.0.jpg,10
CNN/data/image-1615197.0.jpg,10
CNN/data/image-1615198.0.jpg,10
CNN/data/image-1615199.0.jpg,10
CNN/data/image-1615200.0.jpg,10
CNN/data/image-1615201.0.jpg,10
CNN/data/image-1615202.0.jpg,10
CNN/data/image-1615203.0.jpg,10
CNN/data/image-1615204.0.jpg,10
CNN/data/image-1615205.0.jpg,10
CNN/data/image-1615206.0.jpg,10
CNN/data/image-1615207.0.jpg,10
CNN/data/image-1615208.0.jpg,10
CNN/data/image-1615209.0.jpg,10
CNN/data/image-1615210.0.jpg,10
CNN/data/image-1615211.0.jpg,10
CNN/data/image-1615212.0.jpg,10
CNN/data/image-1615213.0.jpg,10
CNN/data/image-1615214.0.jpg,10
CNN/data/image-1615215.0.jpg,10
CNN/data/image-1615216.0.jpg,10
CNN/data/image-1615217.0.jpg,10
CNN/data/image-1615218.0.jpg,10
CNN/data/image-1615219.0.jpg,10
CNN/data/image-1615220.0.jpg,10
CNN/data/image-1615221.0.jpg,10
CNN/data/image-1615222.0.jpg,10
CNN/data/image-1615223.0.jpg,10
CNN/data/image-1615224.0.jpg,10
CNN/data/image-1615225.0.jpg,10
CNN/data/image-1615226.0.jpg,10
CNN/data/image-1615227.0.jpg,10
CNN/data/image-1615228.0.jpg,10
CNN/data/image-1615229.0.jpg,10
CNN/data/image-1615230.0.jpg,10
CNN/data/image-1615231.0.jpg,10
CNN/data/image-1615232.0.jpg,10
CNN/data/image-1615233.0.jpg,10
CNN/data/image-1615234.0.jpg,10
CNN/data/image-1615235.0.jpg,10
CNN/data/image-1615236.0.jpg,10
CNN/data/image-1615237.0.jpg,10
CNN/data/image-1615238.0.jpg,10
CNN/data/image-1615239.0.jpg,10
CNN/data/image-1615240.0.jpg,10
CNN/data/image-1615241.0.jpg,10
CNN/data/image-1615242.0.jpg,10
CNN/data/image-1615243.0.jpg,10
CNN/data/image-1615244.0.jpg,10
CNN/data/image-1615245.0.jpg,10
CNN/data/image-1615246.0.jpg,10
CNN/data/image-1615247.0.jpg,10
CNN/data/image-1615248.0.jpg,10
CNN/data/image-1615249.0.jpg,10
CNN/data/image-1615250.0.jpg,10
CNN/data/image-1615251.0.jpg,10
CNN/data/image-1615252.0.jpg,10
CNN/data/image-1615253.0.jpg,10
CNN/data/image-1615254.0.jpg,10
CNN/data/image-1615255.0.jpg,10
CNN/data/image-1615256.0.jpg,10
CNN/data/image-1615257.0.jpg,0
CNN/data/image-1615258.0.jpg,0
CNN/data/image-1615259.0.jpg,0
CNN/data/image-1615260.0.jpg,0
CNN/data/image-1615261.0.jpg,0
CNN/data/image-1615262.0.jpg,0
CNN/data/image-1615263.0.jpg,-10
CNN/data/image-1615264.0.jpg,-10
CNN/data/image-1615265.0.jpg,-10
CNN/data/image-1615266.0.jpg,-10
CNN/data/image-1615267.0.jpg,-10
CNN/data/image-1615268.0.jpg,-10
CNN/data/image-1615269.0.jpg,-10
CNN/data/image-1615270.0.jpg,-10
CNN/data/image-1615271.0.jpg,-10
CNN/data/image-1615272.0.jpg,-10
CNN/data/image-1615273.0.jpg,-10
CNN/data/image-1615274.0.jpg,-10
CNN/data/image-1615275.0.jpg,-10
CNN/data/image-1615276.0.jpg,-10
CNN/data/image-1615277.0.jpg,-10
CNN/data/image-1615278.0.jpg,-10
CNN/data/image-1615279.0.jpg,-10
CNN/data/image-1615280.0.jpg,-10
CNN/data/image-1615281.0.jpg,-10
CNN/data/image-1615282.0.jpg,-10
CNN/data/image-1615283.0.jpg,-10
CNN/data/image-1615284.0.jpg,-10
CNN/data/image-1615285.0.jpg,-10
CNN/data/image-1615286.0.jpg,-10
CNN/data/image-1615287.0.jpg,-10
CNN/data/image-1615288.0.jpg,-10
CNN/data/image-1615289.0.jpg,-10
CNN/data/image-1615290.0.jpg,-10
CNN/data/image-1615291.0.jpg,-10
CNN/data/image-1615292.0.jpg,-10
CNN/data/image-1615293.0.jpg,0
CNN/data/image-1615294.0.jpg,0
CNN/data/image-1615295.0.jpg,0
CNN/data/image-1615296.0.jpg,0
CNN/data/image-1615297.0.jpg,0
CNN/data/image-1615298.0.jpg,0
CNN/data/image-1615299.0.jpg,-10
CNN/data/image-1615300.0.jpg,-10
CNN/data/image-1615301.0.jpg,-10
CNN/data/image-1615302.0.jpg,0
CNN/data/image-1615303.0.jpg,0
CNN/data/image-1615304.0.jpg,0
CNN/data/image-1615305.0.jpg,0
CNN/data/image-1615306.0.jpg,0
CNN/data/image-1615307.0.jpg,0
CNN/data/image-1615308.0.jpg,-10
CNN/data/image-1615309.0.jpg,-10
CNN/data/image-1615310.0.jpg,-10
CNN/data/image-1615311.0.jpg,-10
CNN/data/image-1615312.0.jpg,-10
CNN/data/image-1615313.0.jpg,0
CNN/data/image-1615314.0.jpg,0
CNN/data/image-1615315.0.jpg,0
CNN/data/image-1615316.0.jpg,0
CNN/data/image-1615317.0.jpg,0
CNN/data/image-1615318.0.jpg,0
CNN/data/image-1615319.0.jpg,0
CNN/data/image-1615320.0.jpg,0
CNN/data/image-1615321.0.jpg,0
CNN/data/image-1615322.0.jpg,0
CNN/data/image-1615323.0.jpg,0
CNN/data/image-1615324.0.jpg,0
CNN/data/image-1615325.0.jpg,0
CNN/data/image-1615326.0.jpg,0
CNN/data/image-1615327.0.jpg,0
CNN/data/image-1615328.0.jpg,0
CNN/data/image-1615329.0.jpg,0
CNN/data/image-1615330.0.jpg,0
CNN/data/image-1615331.0.jpg,0
CNN/data/image-1615332.0.jpg,0
CNN/data/image-1615333.0.jpg,0
CNN/data/image-1615334.0.jpg,0
CNN/data/image-1615335.0.jpg,0
CNN/data/image-1615336.0.jpg,0
CNN/data/image-1615337.0.jpg,0
CNN/data/image-1615338.0.jpg,0
CNN/data/image-1615339.0.jpg,0
CNN/data/image-1615340.0.jpg,-10
CNN/data/image-1615341.0.jpg,-10
CNN/data/image-1615342.0.jpg,-10
CNN/data/image-1615343.0.jpg,-10
CNN/data/image-1615344.0.jpg,-10
CNN/data/image-1615345.0.jpg,-10
CNN/data/image-1615346.0.jpg,-10
CNN/data/image-1615347.0.jpg,-10
CNN/data/image-1615348.0.jpg,-10
CNN/data/image-1615349.0.jpg,-10
CNN/data/image-1615350.0.jpg,-10
CNN/data/image-1615351.0.jpg,-10
CNN/data/image-1615352.0.jpg,-10
CNN/data/image-1615353.0.jpg,-10
CNN/data/image-1615354.0.jpg,-10
CNN/data/image-1615355.0.jpg,-10
CNN/data/image-1615356.0.jpg,-10
CNN/data/image-1615357.0.jpg,-10
CNN/data/image-1615358.0.jpg,-10
CNN/data/image-1615359.0.jpg,-10
CNN/data/image-1615360.0.jpg,-10
CNN/data/image-1615361.0.jpg,0
CNN/data/image-1615362.0.jpg,0
CNN/data/image-1615363.0.jpg,0
CNN/data/image-1615364.0.jpg,0
CNN/data/image-1615365.0.jpg,0
CNN/data/image-1615366.0.jpg,0
CNN/data/image-1615367.0.jpg,0
CNN/data/image-1615368.0.jpg,0
CNN/data/image-1615369.0.jpg,0
CNN/data/image-1615370.0.jpg,0
CNN/data/image-1615371.0.jpg,0
CNN/data/image-1615372.0.jpg,0
CNN/data/image-1615373.0.jpg,0
CNN/data/image-1615374.0.jpg,-10
CNN/data/image-1615375.0.jpg,-10
CNN/data/image-1615376.0.jpg,-10
CNN/data/image-1615377.0.jpg,-10
CNN/data/image-1615378.0.jpg,0
CNN/data/image-1615379.0.jpg,0
CNN/data/image-1615380.0.jpg,0
CNN/data/image-1615381.0.jpg,0
CNN/data/image-1615382.0.jpg,0
CNN/data/image-1615383.0.jpg,-10
CNN/data/image-1615384.0.jpg,-10
CNN/data/image-1615385.0.jpg,-10
CNN/data/image-1615386.0.jpg,0
CNN/data/image-1615387.0.jpg,0
CNN/data/image-1615388.0.jpg,0
CNN/data/image-1615389.0.jpg,0
CNN/data/image-1615390.0.jpg,0
CNN/data/image-1615391.0.jpg,0
CNN/data/image-1615392.0.jpg,0
CNN/data/image-1615393.0.jpg,0
CNN/data/image-1615394.0.jpg,0
CNN/data/image-1615395.0.jpg,0
CNN/data/image-1615396.0.jpg,0
CNN/data/image-1615397.0.jpg,0
CNN/data/image-1615398.0.jpg,0
CNN/data/image-1615399.0.jpg,0
CNN/data/image-1615400.0.jpg,0
CNN/data/image-1615401.0.jpg,0
CNN/data/image-1615402.0.jpg,0
CNN/data/image-1615403.0.jpg,0
CNN/data/image-1615404.0.jpg,0
CNN/data/image-1615405.0.jpg,0
CNN/data/image-1615406.0.jpg,0
CNN/data/image-1615407.0.jpg,0
CNN/data/image-1615408.0.jpg,0
CNN/data/image-1615409.0.jpg,0
CNN/data/image-1615410.0.jpg,0
CNN/data/image-1615411.0.jpg,0
CNN/data/image-1615412.0.jpg,0
CNN/data/image-1615413.0.jpg,0
CNN/data/image-1615414.0.jpg,0
CNN/data/image-1615415.0.jpg,0
CNN/data/image-1615416.0.jpg,0
CNN/data/image-1615417.0.jpg,0
CNN/data/image-1615418.0.jpg,0
CNN/data/image-1615419.0.jpg,0
CNN/data/image-1615420.0.jpg,0
CNN/data/image-1615421.0.jpg,0
CNN/data/image-1615422.0.jpg,0
CNN/data/image-1615423.0.jpg,0
CNN/data/image-1615424.0.jpg,0
CNN/data/image-1615425.0.jpg,0
CNN/data/image-1615426.0.jpg,0
CNN/data/image-1615427.0.jpg,0
CNN/data/image-1615428.0.jpg,0
CNN/data/image-1615429.0.jpg,0
CNN/data/image-1615430.0.jpg,0
CNN/data/image-1615431.0.jpg,0
CNN/data/image-1615432.0.jpg,-10
CNN/data/image-1615433.0.jpg,0
CNN/data/image-1615434.0.jpg,0
CNN/data/image-1615435.0.jpg,0
CNN/data/image-1615436.0.jpg,0
CNN/data/image-1615437.0.jpg,0
CNN/data/image-1615438.0.jpg,0
CNN/data/image-1615439.0.jpg,0
CNN/data/image-1615440.0.jpg,0
CNN/data/image-1615441.0.jpg,0
CNN/data/image-1615442.0.jpg,0
CNN/data/image-1615443.0.jpg,0
CNN/data/image-1615444.0.jpg,0
CNN/data/image-1615445.0.jpg,0
CNN/data/image-1615446.0.jpg,0
CNN/data/image-1615447.0.jpg,0
CNN/data/image-1615448.0.jpg,0
CNN/data/image-1615449.0.jpg,10
CNN/data/image-1615450.0.jpg,0
CNN/data/image-1615451.0.jpg,0
CNN/data/image-1615452.0.jpg,0
CNN/data/image-1615453.0.jpg,0
CNN/data/image-1615454.0.jpg,0
CNN/data/image-1615455.0.jpg,-10
CNN/data/image-1615456.0.jpg,-10
CNN/data/image-1615457.0.jpg,0
CNN/data/image-1615458.0.jpg,0
CNN/data/image-1615459.0.jpg,0
CNN/data/image-1615460.0.jpg,0
CNN/data/image-1615461.0.jpg,0
CNN/data/image-1615462.0.jpg,0
CNN/data/image-1615463.0.jpg,0
CNN/data/image-1615464.0.jpg,0
CNN/data/image-1615465.0.jpg,0
CNN/data/image-1615466.0.jpg,0
CNN/data/image-1615467.0.jpg,0
CNN/data/image-1615468.0.jpg,0
CNN/data/image-1615469.0.jpg,0
CNN/data/image-1615470.0.jpg,0
CNN/data/image-1615471.0.jpg,0
CNN/data/image-1615472.0.jpg,0
CNN/data/image-1615473.0.jpg,0
CNN/data/image-1615474.0.jpg,0
CNN/data/image-1615475.0.jpg,0
CNN/data/image-1615476.0.jpg,0
CNN/data/image-1615477.0.jpg,0
CNN/data/image-1615478.0.jpg,0
CNN/data/image-1615479.0.jpg,0
CNN/data/image-1615480.0.jpg,0
CNN/data/image-1615481.0.jpg,0
CNN/data/image-1615482.0.jpg,0
CNN/data/image-1615483.0.jpg,0
CNN/data/image-1615484.0.jpg,0
CNN/data/image-1615485.0.jpg,0
CNN/data/image-1615486.0.jpg,0
CNN/data/image-1615487.0.jpg,0
CNN/data/image-1615488.0.jpg,0
CNN/data/image-1615489.0.jpg,0
CNN/data/image-1615490.0.jpg,0
CNN/data/image-1615491.0.jpg,0
CNN/data/image-1615492.0.jpg,0
CNN/data/image-1615493.0.jpg,0
CNN/data/image-1615494.0.jpg,0
CNN/data/image-1615495.0.jpg,0
CNN/data/image-1615496.0.jpg,0
CNN/data/image-1615497.0.jpg,0
CNN/data/image-1615498.0.jpg,0
CNN/data/image-1615499.0.jpg,0
CNN/data/image-1615500.0.jpg,0
CNN/data/image-1615501.0.jpg,10
CNN/data/image-1615502.0.jpg,10
CNN/data/image-1615503.0.jpg,10
CNN/data/image-1615504.0.jpg,10
CNN/data/image-1615505.0.jpg,10
CNN/data/image-1615506.0.jpg,10
CNN/data/image-1615507.0.jpg,10
CNN/data/image-1615508.0.jpg,10
CNN/data/image-1615509.0.jpg,10
CNN/data/image-1615510.0.jpg,10
CNN/data/image-1615511.0.jpg,10
CNN/data/image-1615512.0.jpg,10
CNN/data/image-1615513.0.jpg,10
CNN/data/image-1615514.0.jpg,10
CNN/data/image-1615515.0.jpg,10
CNN/data/image-1615516.0.jpg,10
CNN/data/image-1615517.0.jpg,10
CNN/data/image-1615518.0.jpg,10
CNN/data/image-1615519.0.jpg,10
CNN/data/image-1615520.0.jpg,10
CNN/data/image-1615521.0.jpg,10
CNN/data/image-1615522.0.jpg,10
CNN/data/image-1615523.0.jpg,10
CNN/data/image-1615524.0.jpg,10
CNN/data/image-1615525.0.jpg,10
CNN/data/image-1615526.0.jpg,10
CNN/data/image-1615527.0.jpg,10
CNN/data/image-1615528.0.jpg,10
CNN/data/image-1615529.0.jpg,10
CNN/data/image-1615530.0.jpg,10
CNN/data/image-1615531.0.jpg,10
CNN/data/image-1615532.0.jpg,10
CNN/data/image-1615533.0.jpg,10
CNN/data/image-1615534.0.jpg,10
CNN/data/image-1615535.0.jpg,10
CNN/data/image-1615536.0.jpg,10
CNN/data/image-1615537.0.jpg,10
CNN/data/image-1615538.0.jpg,10
CNN/data/image-1615539.0.jpg,10
CNN/data/image-1615540.0.jpg,10
CNN/data/image-1615541.0.jpg,10
CNN/data/image-1615542.0.jpg,10
CNN/data/image-1615543.0.jpg,10
CNN/data/image-1615544.0.jpg,10
CNN/data/image-1615545.0.jpg,10
CNN/data/image-1615546.0.jpg,10
CNN/data/image-1615547.0.jpg,10
CNN/data/image-1615548.0.jpg,10
CNN/data/image-1615549.0.jpg,10
CNN/data/image-1615550.0.jpg,10
CNN/data/image-1615551.0.jpg,10
CNN/data/image-1615552.0.jpg,10
CNN/data/image-1615553.0.jpg,10
CNN/data/image-1615554.0.jpg,10
CNN/data/image-1615555.0.jpg,10
CNN/data/image-1615556.0.jpg,10
CNN/data/image-1615557.0.jpg,10
CNN/data/image-1615558.0.jpg,10
CNN/data/image-1615559.0.jpg,10
CNN/data/image-1615560.0.jpg,10
CNN/data/image-1615561.0.jpg,10
CNN/data/image-1615562.0.jpg,10
CNN/data/image-1615563.0.jpg,10
CNN/data/image-1615564.0.jpg,10
CNN/data/image-1615565.0.jpg,10
CNN/data/image-1615566.0.jpg,10
CNN/data/image-1615567.0.jpg,10
CNN/data/image-1615568.0.jpg,10
CNN/data/image-1615569.0.jpg,10
CNN/data/image-1615570.0.jpg,10
CNN/data/image-1615571.0.jpg,10
CNN/data/image-1615572.0.jpg,10
CNN/data/image-1615573.0.jpg,10
CNN/data/image-1615574.0.jpg,10
CNN/data/image-1615575.0.jpg,10
CNN/data/image-1615576.0.jpg,10
CNN/data/image-1615577.0.jpg,10
CNN/data/image-1615578.0.jpg,10
CNN/data/image-1615579.0.jpg,10
CNN/data/image-1615580.0.jpg,10
CNN/data/image-1615581.0.jpg,10
CNN/data/image-1615582.0.jpg,10
CNN/data/image-1615583.0.jpg,10
CNN/data/image-1615584.0.jpg,10
CNN/data/image-1615585.0.jpg,10
CNN/data/image-1615586.0.jpg,10
CNN/data/image-1615587.0.jpg,10
CNN/data/image-1615588.0.jpg,10
CNN/data/image-1615589.0.jpg,10
CNN/data/image-1615590.0.jpg,10
CNN/data/image-1615591.0.jpg,10
CNN/data/image-1615592.0.jpg,10
CNN/data/image-1615593.0.jpg,10
CNN/data/image-1615594.0.jpg,10
CNN/data/image-1615595.0.jpg,10
CNN/data/image-1615596.0.jpg,10
CNN/data/image-1615597.0.jpg,10
CNN/data/image-1615598.0.jpg,10
CNN/data/image-1615599.0.jpg,10
CNN/data/image-1615600.0.jpg,10
CNN/data/image-1615601.0.jpg,10
CNN/data/image-1615602.0.jpg,10
CNN/data/image-1615603.0.jpg,10
CNN/data/image-1615604.0.jpg,10
CNN/data/image-1615605.0.jpg,10
CNN/data/image-1615606.0.jpg,10
CNN/data/image-1615607.0.jpg,10
CNN/data/image-1615608.0.jpg,10
CNN/data/image-1615609.0.jpg,10
CNN/data/image-1615610.0.jpg,10
CNN/data/image-1615611.0.jpg,10
CNN/data/image-1615612.0.jpg,10
CNN/data/image-1615613.0.jpg,10
CNN/data/image-1615614.0.jpg,10
CNN/data/image-1615615.0.jpg,10
CNN/data/image-1615616.0.jpg,10
CNN/data/image-1615617.0.jpg,10
CNN/data/image-1615618.0.jpg,10
CNN/data/image-1615619.0.jpg,10
CNN/data/image-1615620.0.jpg,10
CNN/data/image-1615621.0.jpg,10
CNN/data/image-1615622.0.jpg,10
CNN/data/image-1615623.0.jpg,10
CNN/data/image-1615624.0.jpg,10
CNN/data/image-1615625.0.jpg,10
CNN/data/image-1615626.0.jpg,10
CNN/data/image-1615627.0.jpg,10
CNN/data/image-1615628.0.jpg,10
CNN/data/image-1615629.0.jpg,10
CNN/data/image-1615630.0.jpg,10
CNN/data/image-1615631.0.jpg,10
CNN/data/image-1615632.0.jpg,10
CNN/data/image-1615633.0.jpg,10
CNN/data/image-1615634.0.jpg,10
CNN/data/image-1615635.0.jpg,10
CNN/data/image-1615636.0.jpg,10
CNN/data/image-1615637.0.jpg,10
CNN/data/image-1615638.0.jpg,10
CNN/data/image-1615639.0.jpg,10
CNN/data/image-1615640.0.jpg,10
CNN/data/image-1615641.0.jpg,10
CNN/data/image-1615642.0.jpg,10
CNN/data/image-1615643.0.jpg,10
CNN/data/image-1615644.0.jpg,10
CNN/data/image-1615645.0.jpg,10
CNN/data/image-1615646.0.jpg,10
CNN/data/image-1615647.0.jpg,10
CNN/data/image-1615648.0.jpg,10
CNN/data/image-1615649.0.jpg,10
CNN/data/image-1615650.0.jpg,10
CNN/data/image-1615651.0.jpg,10
CNN/data/image-1615652.0.jpg,10
CNN/data/image-1615653.0.jpg,10
CNN/data/image-1615654.0.jpg,10
CNN/data/image-1615655.0.jpg,10
CNN/data/image-1615656.0.jpg,10
CNN/data/image-1615657.0.jpg,10
CNN/data/image-1615658.0.jpg,10
CNN/data/image-1615659.0.jpg,10
CNN/data/image-1615660.0.jpg,10
CNN/data/image-1615661.0.jpg,10
CNN/data/image-1615662.0.jpg,10
CNN/data/image-1615663.0.jpg,10
CNN/data/image-1615664.0.jpg,10
CNN/data/image-1615665.0.jpg,10
CNN/data/image-1615666.0.jpg,10
CNN/data/image-1615667.0.jpg,10
CNN/data/image-1615668.0.jpg,10
CNN/data/image-1615669.0.jpg,10
CNN/data/image-1615670.0.jpg,10
CNN/data/image-1615671.0.jpg,10
CNN/data/image-1615672.0.jpg,10
CNN/data/image-1615673.0.jpg,10
CNN/data/image-1615674.0.jpg,10
CNN/data/image-1615675.0.jpg,10
CNN/data/image-1615676.0.jpg,10
CNN/data/image-1615677.0.jpg,0
CNN/data/image-1615678.0.jpg,0
CNN/data/image-1615679.0.jpg,0
CNN/data/image-1615680.0.jpg,0
CNN/data/image-1615681.0.jpg,0
CNN/data/image-1615682.0.jpg,0
CNN/data/image-1615683.0.jpg,-10
CNN/data/image-1615684.0.jpg,-10
CNN/data/image-1615685.0.jpg,-10
CNN/data/image-1615686.0.jpg,-10
CNN/data/image-1615687.0.jpg,-10
CNN/data/image-1615688.0.jpg,-10
CNN/data/image-1615689.0.jpg,-10
CNN/data/image-1615690.0.jpg,-10
CNN/data/image-1615691.0.jpg,-10
CNN/data/image-1615692.0.jpg,-10
CNN/data/image-1615693.0.jpg,-10
CNN/data/image-1615694.0.jpg,-10
CNN/data/image-1615695.0.jpg,-10
CNN/data/image-1615696.0.jpg,-10
CNN/data/image-1615697.0.jpg,-10
CNN/data/image-1615698.0.jpg,-10
CNN/data/image-1615699.0.jpg,-10
CNN/data/image-1615700.0.jpg,-10
CNN/data/image-1615701.0.jpg,-10
CNN/data/image-1615702.0.jpg,-10
CNN/data/image-1615703.0.jpg,-10
CNN/data/image-1615704.0.jpg,-10
CNN/data/image-1615705.0.jpg,-10
CNN/data/image-1615706.0.jpg,-10
CNN/data/image-1615707.0.jpg,-10
CNN/data/image-1615708.0.jpg,-10
CNN/data/image-1615709.0.jpg,-10
CNN/data/image-1615710.0.jpg,-10
CNN/data/image-1615711.0.jpg,0
CNN/data/image-1615712.0.jpg,0
CNN/data/image-1615713.0.jpg,0
CNN/data/image-1615714.0.jpg,0
CNN/data/image-1615715.0.jpg,-10
CNN/data/image-1615716.0.jpg,-10
CNN/data/image-1615717.0.jpg,-10
CNN/data/image-1615718.0.jpg,-10
CNN/data/image-1615719.0.jpg,-10
CNN/data/image-1615720.0.jpg,-10
CNN/data/image-1615721.0.jpg,0
CNN/data/image-1615722.0.jpg,0
CNN/data/image-1615723.0.jpg,0
CNN/data/image-1615724.0.jpg,0
CNN/data/image-1615725.0.jpg,0
CNN/data/image-1615726.0.jpg,0
CNN/data/image-1615727.0.jpg,0
CNN/data/image-1615728.0.jpg,0
CNN/data/image-1615729.0.jpg,0
CNN/data/image-1615730.0.jpg,0
CNN/data/image-1615731.0.jpg,-10
CNN/data/image-1615732.0.jpg,-10
CNN/data/image-1615733.0.jpg,0
CNN/data/image-1615734.0.jpg,0
CNN/data/image-1615735.0.jpg,0
CNN/data/image-1615736.0.jpg,0
CNN/data/image-1615737.0.jpg,0
CNN/data/image-1615738.0.jpg,0
CNN/data/image-1615739.0.jpg,0
CNN/data/image-1615740.0.jpg,0
CNN/data/image-1615741.0.jpg,0
CNN/data/image-1615742.0.jpg,0
CNN/data/image-1615743.0.jpg,0
CNN/data/image-1615744.0.jpg,0
CNN/data/image-1615745.0.jpg,0
CNN/data/image-1615746.0.jpg,0
CNN/data/image-1615747.0.jpg,0
CNN/data/image-1615748.0.jpg,0
CNN/data/image-1615749.0.jpg,0
CNN/data/image-1615750.0.jpg,0
CNN/data/image-1615751.0.jpg,0
CNN/data/image-1615752.0.jpg,0
CNN/data/image-1615753.0.jpg,0
CNN/data/image-1615754.0.jpg,0
CNN/data/image-1615755.0.jpg,0
CNN/data/image-1615756.0.jpg,0
CNN/data/image-1615757.0.jpg,0
CNN/data/image-1615758.0.jpg,0
CNN/data/image-1615759.0.jpg,0
CNN/data/image-1615760.0.jpg,0
CNN/data/image-1615761.0.jpg,0
CNN/data/image-1615762.0.jpg,0
CNN/data/image-1615763.0.jpg,0
CNN/data/image-1615764.0.jpg,0
CNN/data/image-1615765.0.jpg,0
CNN/data/image-1615766.0.jpg,0
CNN/data/image-1615767.0.jpg,0
CNN/data/image-1615768.0.jpg,0
CNN/data/image-1615769.0.jpg,0
CNN/data/image-1615770.0.jpg,0
CNN/data/image-1615771.0.jpg,0
CNN/data/image-1615772.0.jpg,0
CNN/data/image-1615773.0.jpg,0
CNN/data/image-1615774.0.jpg,0
CNN/data/image-1615775.0.jpg,0
CNN/data/image-1615776.0.jpg,0
CNN/data/image-1615777.0.jpg,0
CNN/data/image-1615778.0.jpg,0
CNN/data/image-1615779.0.jpg,0
CNN/data/image-1615780.0.jpg,0
CNN/data/image-1615781.0.jpg,0
CNN/data/image-1615782.0.jpg,0
CNN/data/image-1615783.0.jpg,0
CNN/data/image-1615784.0.jpg,0
CNN/data/image-1615785.0.jpg,0
CNN/data/image-1615786.0.jpg,0
CNN/data/image-1615787.0.jpg,0
CNN/data/image-1615788.0.jpg,0
CNN/data/image-1615789.0.jpg,0
CNN/data/image-1615790.0.jpg,0
CNN/data/image-1615791.0.jpg,0
CNN/data/image-1615792.0.jpg,0
CNN/data/image-1615793.0.jpg,0
CNN/data/image-1615794.0.jpg,0
CNN/data/image-1615795.0.jpg,0
CNN/data/image-1615796.0.jpg,0
CNN/data/image-1615797.0.jpg,0
CNN/data/image-1615798.0.jpg,0
CNN/data/image-1615799.0.jpg,-10
CNN/data/image-1615800.0.jpg,0
CNN/data/image-1615801.0.jpg,0
CNN/data/image-1615802.0.jpg,0
CNN/data/image-1615803.0.jpg,0
CNN/data/image-1615804.0.jpg,0
CNN/data/image-1615805.0.jpg,0
CNN/data/image-1615806.0.jpg,0
CNN/data/image-1615807.0.jpg,0
CNN/data/image-1615808.0.jpg,0
CNN/data/image-1615809.0.jpg,0
CNN/data/image-1615810.0.jpg,0
CNN/data/image-1615811.0.jpg,0
CNN/data/image-1615812.0.jpg,0
CNN/data/image-1615813.0.jpg,0
CNN/data/image-1615814.0.jpg,0
CNN/data/image-1615815.0.jpg,0
CNN/data/image-1615816.0.jpg,0
CNN/data/image-1615817.0.jpg,0
CNN/data/image-1615818.0.jpg,10
CNN/data/image-1615819.0.jpg,10
CNN/data/image-1615820.0.jpg,10
CNN/data/image-1615821.0.jpg,10
CNN/data/image-1615822.0.jpg,10
CNN/data/image-1615823.0.jpg,10
CNN/data/image-1615824.0.jpg,10
CNN/data/image-1615825.0.jpg,10
CNN/data/image-1615826.0.jpg,10
CNN/data/image-1615827.0.jpg,10
CNN/data/image-1615828.0.jpg,10
CNN/data/image-1615829.0.jpg,10
CNN/data/image-1615830.0.jpg,10
CNN/data/image-1615831.0.jpg,10
CNN/data/image-1615832.0.jpg,10
CNN/data/image-1615833.0.jpg,10
CNN/data/image-1615834.0.jpg,10
CNN/data/image-1615835.0.jpg,10
CNN/data/image-1615836.0.jpg,10
CNN/data/image-1615837.0.jpg,10
CNN/data/image-1615838.0.jpg,10
CNN/data/image-1615839.0.jpg,10
CNN/data/image-1615840.0.jpg,10
CNN/data/image-1615841.0.jpg,10
CNN/data/image-1615842.0.jpg,10
CNN/data/image-1615843.0.jpg,10
CNN/data/image-1615844.0.jpg,10
CNN/data/image-1615845.0.jpg,10
CNN/data/image-1615846.0.jpg,10
CNN/data/image-1615847.0.jpg,10
CNN/data/image-1615848.0.jpg,10
CNN/data/image-1615849.0.jpg,10
CNN/data/image-1615850.0.jpg,10
CNN/data/image-1615851.0.jpg,10
CNN/data/image-1615852.0.jpg,10
CNN/data/image-1615853.0.jpg,10
CNN/data/image-1615854.0.jpg,10
CNN/data/image-1615855.0.jpg,10
CNN/data/image-1615856.0.jpg,10
CNN/data/image-1615857.0.jpg,10
CNN/data/image-1615858.0.jpg,10
CNN/data/image-1615859.0.jpg,10
CNN/data/image-1615860.0.jpg,10
CNN/data/image-1615861.0.jpg,10
CNN/data/image-1615862.0.jpg,10
CNN/data/image-1615863.0.jpg,10
CNN/data/image-1615864.0.jpg,10
CNN/data/image-1615865.0.jpg,10
CNN/data/image-1615866.0.jpg,10
CNN/data/image-1615867.0.jpg,10
CNN/data/image-1615868.0.jpg,10
CNN/data/image-1615869.0.jpg,10
CNN/data/image-1615870.0.jpg,10
CNN/data/image-1615871.0.jpg,10
CNN/data/image-1615872.0.jpg,10
CNN/data/image-1615873.0.jpg,10
CNN/data/image-1615874.0.jpg,10
CNN/data/image-1615875.0.jpg,10
CNN/data/image-1615876.0.jpg,10
CNN/data/image-1615877.0.jpg,10
CNN/data/image-1615878.0.jpg,10
CNN/data/image-1615879.0.jpg,10
CNN/data/image-1615880.0.jpg,10
CNN/data/image-1615881.0.jpg,10
CNN/data/image-1615882.0.jpg,10
CNN/data/image-1615883.0.jpg,10
CNN/data/image-1615884.0.jpg,10
CNN/data/image-1615885.0.jpg,0
CNN/data/image-1615886.0.jpg,-10
CNN/data/image-1615887.0.jpg,-10
CNN/data/image-1615888.0.jpg,-10
CNN/data/image-1615889.0.jpg,-10
CNN/data/image-1615890.0.jpg,-10
CNN/data/image-1615891.0.jpg,-10
CNN/data/image-1615892.0.jpg,-10
CNN/data/image-1615893.0.jpg,-10
CNN/data/image-1615894.0.jpg,-10
CNN/data/image-1615895.0.jpg,-10
CNN/data/image-1615896.0.jpg,-10
CNN/data/image-1615897.0.jpg,-10
CNN/data/image-1615898.0.jpg,0
CNN/data/image-1615899.0.jpg,0
CNN/data/image-1615900.0.jpg,10
CNN/data/image-1615901.0.jpg,10
CNN/data/image-1615902.0.jpg,10
CNN/data/image-1615903.0.jpg,10
CNN/data/image-1615904.0.jpg,10
CNN/data/image-1615905.0.jpg,10
CNN/data/image-1615906.0.jpg,10
CNN/data/image-1615907.0.jpg,10
CNN/data/image-1615908.0.jpg,10
CNN/data/image-1615909.0.jpg,10
CNN/data/image-1615910.0.jpg,10
CNN/data/image-1615911.0.jpg,10
CNN/data/image-1615912.0.jpg,10
CNN/data/image-1615913.0.jpg,10
CNN/data/image-1615914.0.jpg,10
CNN/data/image-1615915.0.jpg,10
CNN/data/image-1615916.0.jpg,10
CNN/data/image-1615917.0.jpg,10
CNN/data/image-1615918.0.jpg,10
CNN/data/image-1615919.0.jpg,10
CNN/data/image-1615920.0.jpg,10
CNN/data/image-1615921.0.jpg,10
CNN/data/image-1615922.0.jpg,10
CNN/data/image-1615923.0.jpg,10
CNN/data/image-1615924.0.jpg,10
CNN/data/image-1615925.0.jpg,10
CNN/data/image-1615926.0.jpg,10
CNN/data/image-1615927.0.jpg,10
CNN/data/image-1615928.0.jpg,10
CNN/data/image-1615929.0.jpg,10
CNN/data/image-1615930.0.jpg,10
CNN/data/image-1615931.0.jpg,10
CNN/data/image-1615932.0.jpg,10
CNN/data/image-1615933.0.jpg,10
CNN/data/image-1615934.0.jpg,10
CNN/data/image-1615935.0.jpg,10
CNN/data/image-1615936.0.jpg,10
CNN/data/image-1615937.0.jpg,10
CNN/data/image-1615938.0.jpg,10
CNN/data/image-1615939.0.jpg,10
CNN/data/image-1615940.0.jpg,10
CNN/data/image-1615941.0.jpg,10
CNN/data/image-1615942.0.jpg,10
CNN/data/image-1615943.0.jpg,10
CNN/data/image-1615944.0.jpg,10
CNN/data/image-1615945.0.jpg,10
CNN/data/image-1615946.0.jpg,10
CNN/data/image-1615947.0.jpg,10
CNN/data/image-1615948.0.jpg,10
CNN/data/image-1615949.0.jpg,10
CNN/data/image-1615950.0.jpg,10
CNN/data/image-1615951.0.jpg,10
CNN/data/image-1615952.0.jpg,10
CNN/data/image-1615953.0.jpg,10
CNN/data/image-1615954.0.jpg,10
CNN/data/image-1615955.0.jpg,0
CNN/data/image-1615956.0.jpg,0
CNN/data/image-1615957.0.jpg,0
CNN/data/image-1615958.0.jpg,0
CNN/data/image-1615959.0.jpg,0
CNN/data/image-1615960.0.jpg,0
CNN/data/image-1615961.0.jpg,0
CNN/data/image-1615962.0.jpg,0
CNN/data/image-1615963.0.jpg,0
CNN/data/image-1615964.0.jpg,0
CNN/data/image-1615965.0.jpg,0
CNN/data/image-1615966.0.jpg,0
CNN/data/image-1615967.0.jpg,0
CNN/data/image-1615968.0.jpg,0
CNN/data/image-1615969.0.jpg,0
CNN/data/image-1615970.0.jpg,0
CNN/data/image-1615971.0.jpg,0
CNN/data/image-1615972.0.jpg,0
CNN/data/image-1615973.0.jpg,0
CNN/data/image-1615974.0.jpg,0
CNN/data/image-1615975.0.jpg,-10
CNN/data/image-1615976.0.jpg,-10
CNN/data/image-1615977.0.jpg,-10
CNN/data/image-1615978.0.jpg,-10
CNN/data/image-1615979.0.jpg,-10
CNN/data/image-1615980.0.jpg,0
CNN/data/image-1615981.0.jpg,0
CNN/data/image-1615982.0.jpg,0
CNN/data/image-1615983.0.jpg,0
CNN/data/image-1615984.0.jpg,0
CNN/data/image-1615985.0.jpg,0
CNN/data/image-1615986.0.jpg,0
CNN/data/image-1615987.0.jpg,0
CNN/data/image-1615988.0.jpg,0
CNN/data/image-1615989.0.jpg,0
CNN/data/image-1615990.0.jpg,0
CNN/data/image-1615991.0.jpg,0
CNN/data/image-1615992.0.jpg,0
CNN/data/image-1615993.0.jpg,0
CNN/data/image-1615994.0.jpg,0
CNN/data/image-1615995.0.jpg,0
CNN/data/image-1615996.0.jpg,0
CNN/data/image-1615997.0.jpg,0
CNN/data/image-1615998.0.jpg,0
CNN/data/image-1615999.0.jpg,0
CNN/data/image-1616000.0.jpg,0
CNN/data/image-1616001.0.jpg,0
CNN/data/image-1616002.0.jpg,0
CNN/data/image-1616003.0.jpg,0
CNN/data/image-1616004.0.jpg,0
CNN/data/image-1616005.0.jpg,0
CNN/data/image-1616006.0.jpg,0
CNN/data/image-1616007.0.jpg,0
CNN/data/image-1616008.0.jpg,0
CNN/data/image-1616009.0.jpg,-10
CNN/data/image-1616010.0.jpg,0
CNN/data/image-1616011.0.jpg,0
CNN/data/image-1616012.0.jpg,0
CNN/data/image-1616013.0.jpg,0
CNN/data/image-1616014.0.jpg,0
CNN/data/image-1616015.0.jpg,0
CNN/data/image-1616016.0.jpg,0
CNN/data/image-1616017.0.jpg,0
CNN/data/image-1616018.0.jpg,0
CNN/data/image-1616019.0.jpg,-10
CNN/data/image-1616020.0.jpg,0
CNN/data/image-1616021.0.jpg,0
CNN/data/image-1616022.0.jpg,0
CNN/data/image-1616023.0.jpg,0
CNN/data/image-1616024.0.jpg,0
CNN/data/image-1616025.0.jpg,0
CNN/data/image-1616026.0.jpg,-10
CNN/data/image-1616027.0.jpg,-10
CNN/data/image-1616028.0.jpg,0
CNN/data/image-1616029.0.jpg,0
CNN/data/image-1616030.0.jpg,0
CNN/data/image-1616031.0.jpg,0
CNN/data/image-1616032.0.jpg,0
CNN/data/image-1616033.0.jpg,0
CNN/data/image-1616034.0.jpg,0
CNN/data/image-1616035.0.jpg,0
CNN/data/image-1616036.0.jpg,0
CNN/data/image-1616037.0.jpg,0
CNN/data/image-1616038.0.jpg,-10
CNN/data/image-1616039.0.jpg,-10
CNN/data/image-1616040.0.jpg,0
CNN/data/image-1616041.0.jpg,0
CNN/data/image-1616042.0.jpg,0
CNN/data/image-1616043.0.jpg,0
CNN/data/image-1616044.0.jpg,0
CNN/data/image-1616045.0.jpg,0
CNN/data/image-1616046.0.jpg,0
CNN/data/image-1616047.0.jpg,-10
CNN/data/image-1616048.0.jpg,0
CNN/data/image-1616049.0.jpg,0
CNN/data/image-1616050.0.jpg,0
CNN/data/image-1616051.0.jpg,0
CNN/data/image-1616052.0.jpg,0
CNN/data/image-1616053.0.jpg,0
CNN/data/image-1616054.0.jpg,0
CNN/data/image-1616055.0.jpg,0
CNN/data/image-1616056.0.jpg,0
CNN/data/image-1616057.0.jpg,0
CNN/data/image-1616058.0.jpg,0
CNN/data/image-1616059.0.jpg,0
CNN/data/image-1616060.0.jpg,0
CNN/data/image-1616061.0.jpg,-10
CNN/data/image-1616062.0.jpg,-10
CNN/data/image-1616063.0.jpg,0
CNN/data/image-1616064.0.jpg,0
CNN/data/image-1616065.0.jpg,0
CNN/data/image-1616066.0.jpg,0
CNN/data/image-1616067.0.jpg,0
CNN/data/image-1616068.0.jpg,0
CNN/data/image-1616069.0.jpg,0
CNN/data/image-1616070.0.jpg,0
CNN/data/image-1616071.0.jpg,0
CNN/data/image-1616072.0.jpg,0
CNN/data/image-1616073.0.jpg,-10
CNN/data/image-1616074.0.jpg,-10
CNN/data/image-1616075.0.jpg,0
CNN/data/image-1616076.0.jpg,0
CNN/data/image-1616077.0.jpg,0
CNN/data/image-1616078.0.jpg,0
CNN/data/image-1616079.0.jpg,0
CNN/data/image-1616080.0.jpg,0
CNN/data/image-1616081.0.jpg,0
CNN/data/image-1616082.0.jpg,0
CNN/data/image-1616083.0.jpg,0
CNN/data/image-1616084.0.jpg,0
CNN/data/image-1616085.0.jpg,0
CNN/data/image-1616086.0.jpg,0
CNN/data/image-1616087.0.jpg,0
CNN/data/image-1616088.0.jpg,0
CNN/data/image-1616089.0.jpg,0
CNN/data/image-1616090.0.jpg,0
CNN/data/image-1616091.0.jpg,0
CNN/data/image-1616092.0.jpg,0
CNN/data/image-1616093.0.jpg,0
CNN/data/image-1616094.0.jpg,0
CNN/data/image-1616095.0.jpg,0
CNN/data/image-1616096.0.jpg,0
CNN/data/image-1616097.0.jpg,0
CNN/data/image-1616098.0.jpg,0
CNN/data/image-1616099.0.jpg,10
CNN/data/image-1616100.0.jpg,10
CNN/data/image-1616101.0.jpg,10
CNN/data/image-1616102.0.jpg,10
CNN/data/image-1616103.0.jpg,10
CNN/data/image-1616104.0.jpg,10
CNN/data/image-1616105.0.jpg,10
CNN/data/image-1616106.0.jpg,10
CNN/data/image-1616107.0.jpg,10
CNN/data/image-1616108.0.jpg,10
CNN/data/image-1616109.0.jpg,10
CNN/data/image-1616110.0.jpg,10
CNN/data/image-1616111.0.jpg,10
CNN/data/image-1616112.0.jpg,10
CNN/data/image-1616113.0.jpg,10
CNN/data/image-1616114.0.jpg,10
CNN/data/image-1616115.0.jpg,10
CNN/data/image-1616116.0.jpg,10
CNN/data/image-1616117.0.jpg,10
CNN/data/image-1616118.0.jpg,10
CNN/data/image-1616119.0.jpg,10
CNN/data/image-1616120.0.jpg,10
CNN/data/image-1616121.0.jpg,10
CNN/data/image-1616122.0.jpg,10
CNN/data/image-1616123.0.jpg,10
CNN/data/image-1616124.0.jpg,10
CNN/data/image-1616125.0.jpg,10
CNN/data/image-1616126.0.jpg,10
CNN/data/image-1616127.0.jpg,10
CNN/data/image-1616128.0.jpg,10
CNN/data/image-1616129.0.jpg,10
CNN/data/image-1616130.0.jpg,10
CNN/data/image-1616131.0.jpg,10
CNN/data/image-1616132.0.jpg,10
CNN/data/image-1616133.0.jpg,10
CNN/data/image-1616134.0.jpg,10
CNN/data/image-1616135.0.jpg,10
CNN/data/image-1616136.0.jpg,10
CNN/data/image-1616137.0.jpg,10
CNN/data/image-1616138.0.jpg,10
CNN/data/image-1616139.0.jpg,10
CNN/data/image-1616140.0.jpg,10
CNN/data/image-1616141.0.jpg,10
CNN/data/image-1616142.0.jpg,10
CNN/data/image-1616143.0.jpg,10
CNN/data/image-1616144.0.jpg,10
CNN/data/image-1616145.0.jpg,10
CNN/data/image-1616146.0.jpg,10
CNN/data/image-1616147.0.jpg,10
CNN/data/image-1616148.0.jpg,10
CNN/data/image-1616149.0.jpg,10
CNN/data/image-1616150.0.jpg,10
CNN/data/image-1616151.0.jpg,10
CNN/data/image-1616152.0.jpg,10
CNN/data/image-1616153.0.jpg,10
CNN/data/image-1616154.0.jpg,10
CNN/data/image-1616155.0.jpg,10
CNN/data/image-1616156.0.jpg,10
CNN/data/image-1616157.0.jpg,10
CNN/data/image-1616158.0.jpg,10
CNN/data/image-1616159.0.jpg,10
CNN/data/image-1616160.0.jpg,10
CNN/data/image-1616161.0.jpg,10
CNN/data/image-1616162.0.jpg,10
CNN/data/image-1616163.0.jpg,10
CNN/data/image-1616164.0.jpg,10
CNN/data/image-1616165.0.jpg,10
CNN/data/image-1616166.0.jpg,10
CNN/data/image-1616167.0.jpg,10
CNN/data/image-1616168.0.jpg,10
CNN/data/image-1616169.0.jpg,-10
CNN/data/image-1616170.0.jpg,-10
CNN/data/image-1616171.0.jpg,-10
CNN/data/image-1616172.0.jpg,-10
CNN/data/image-1616173.0.jpg,-10
CNN/data/image-1616174.0.jpg,-10
CNN/data/image-1616175.0.jpg,-10
CNN/data/image-1616176.0.jpg,-10
CNN/data/image-1616177.0.jpg,-10
CNN/data/image-1616178.0.jpg,-10
CNN/data/image-1616179.0.jpg,-10
CNN/data/image-1616180.0.jpg,-10
CNN/data/image-1616181.0.jpg,-10
CNN/data/image-1616182.0.jpg,-10
CNN/data/image-1616183.0.jpg,-10
CNN/data/image-1616184.0.jpg,0
CNN/data/image-1616185.0.jpg,10
CNN/data/image-1616186.0.jpg,10
CNN/data/image-1616187.0.jpg,10
CNN/data/image-1616188.0.jpg,10
CNN/data/image-1616189.0.jpg,10
CNN/data/image-1616190.0.jpg,10
CNN/data/image-1616191.0.jpg,10
CNN/data/image-1616192.0.jpg,10
CNN/data/image-1616193.0.jpg,10
CNN/data/image-1616194.0.jpg,10
CNN/data/image-1616195.0.jpg,10
CNN/data/image-1616196.0.jpg,10
CNN/data/image-1616197.0.jpg,10
CNN/data/image-1616198.0.jpg,10
CNN/data/image-1616199.0.jpg,10
CNN/data/image-1616200.0.jpg,10
CNN/data/image-1616201.0.jpg,10
CNN/data/image-1616202.0.jpg,10
CNN/data/image-1616203.0.jpg,10
CNN/data/image-1616204.0.jpg,10
CNN/data/image-1616205.0.jpg,10
CNN/data/image-1616206.0.jpg,10
CNN/data/image-1616207.0.jpg,10
CNN/data/image-1616208.0.jpg,10
CNN/data/image-1616209.0.jpg,10
CNN/data/image-1616210.0.jpg,10
CNN/data/image-1616211.0.jpg,10
CNN/data/image-1616212.0.jpg,10
CNN/data/image-1616213.0.jpg,10
CNN/data/image-1616214.0.jpg,10
CNN/data/image-1616215.0.jpg,10
CNN/data/image-1616216.0.jpg,10
CNN/data/image-1616217.0.jpg,10
CNN/data/image-1616218.0.jpg,10
CNN/data/image-1616219.0.jpg,10
CNN/data/image-1616220.0.jpg,10
CNN/data/image-1616221.0.jpg,10
CNN/data/image-1616222.0.jpg,10
CNN/data/image-1616223.0.jpg,10
CNN/data/image-1616224.0.jpg,10
CNN/data/image-1616225.0.jpg,10
CNN/data/image-1616226.0.jpg,10
CNN/data/image-1616227.0.jpg,10
CNN/data/image-1616228.0.jpg,10
CNN/data/image-1616229.0.jpg,10
CNN/data/image-1616230.0.jpg,10
CNN/data/image-1616231.0.jpg,10
CNN/data/image-1616232.0.jpg,10
CNN/data/image-1616233.0.jpg,10
CNN/data/image-1616234.0.jpg,10
CNN/data/image-1616235.0.jpg,10
CNN/data/image-1616236.0.jpg,10
CNN/data/image-1616237.0.jpg,0
CNN/data/image-1616238.0.jpg,0
CNN/data/image-1616239.0.jpg,0
CNN/data/image-1616240.0.jpg,0
CNN/data/image-1616241.0.jpg,0
CNN/data/image-1616242.0.jpg,0
CNN/data/image-1616243.0.jpg,0
CNN/data/image-1616244.0.jpg,0
CNN/data/image-1616245.0.jpg,0
CNN/data/image-1616246.0.jpg,0
CNN/data/image-1616247.0.jpg,0
CNN/data/image-1616248.0.jpg,0
CNN/data/image-1616249.0.jpg,0
CNN/data/image-1616250.0.jpg,0
CNN/data/image-1616251.0.jpg,0
CNN/data/image-1616252.0.jpg,0
CNN/data/image-1616253.0.jpg,0
CNN/data/image-1616254.0.jpg,0
CNN/data/image-1616255.0.jpg,-10
CNN/data/image-1616256.0.jpg,-10
CNN/data/image-1616257.0.jpg,-10
CNN/data/image-1616258.0.jpg,-10
CNN/data/image-1616259.0.jpg,-10
CNN/data/image-1616260.0.jpg,0
CNN/data/image-1616261.0.jpg,0
CNN/data/image-1616262.0.jpg,0
CNN/data/image-1616263.0.jpg,0
CNN/data/image-1616264.0.jpg,0
CNN/data/image-1616265.0.jpg,0
CNN/data/image-1616266.0.jpg,0
CNN/data/image-1616267.0.jpg,0
CNN/data/image-1616268.0.jpg,0
CNN/data/image-1616269.0.jpg,0
CNN/data/image-1616270.0.jpg,0
CNN/data/image-1616271.0.jpg,0
CNN/data/image-1616272.0.jpg,0
CNN/data/image-1616273.0.jpg,0
CNN/data/image-1616274.0.jpg,0
CNN/data/image-1616275.0.jpg,0
CNN/data/image-1616276.0.jpg,0
CNN/data/image-1616277.0.jpg,0
CNN/data/image-1616278.0.jpg,0
CNN/data/image-1616279.0.jpg,0
CNN/data/image-1616280.0.jpg,0
CNN/data/image-1616281.0.jpg,0
CNN/data/image-1616282.0.jpg,0
CNN/data/image-1616283.0.jpg,0
CNN/data/image-1616284.0.jpg,0
CNN/data/image-1616285.0.jpg,0
CNN/data/image-1616286.0.jpg,0
CNN/data/image-1616287.0.jpg,0
CNN/data/image-1616288.0.jpg,0
CNN/data/image-1616289.0.jpg,0
CNN/data/image-1616290.0.jpg,0
CNN/data/image-1616291.0.jpg,0
CNN/data/image-1616292.0.jpg,0
CNN/data/image-1616293.0.jpg,0
CNN/data/image-1616294.0.jpg,-10
CNN/data/image-1616295.0.jpg,-10
CNN/data/image-1616296.0.jpg,-10
CNN/data/image-1616297.0.jpg,0
CNN/data/image-1616298.0.jpg,0
CNN/data/image-1616299.0.jpg,0
CNN/data/image-1616300.0.jpg,0
CNN/data/image-1616301.0.jpg,0
CNN/data/image-1616302.0.jpg,0
CNN/data/image-1616303.0.jpg,0
CNN/data/image-1616304.0.jpg,0
CNN/data/image-1616305.0.jpg,0
CNN/data/image-1616306.0.jpg,0
CNN/data/image-1616307.0.jpg,0
CNN/data/image-1616308.0.jpg,0
CNN/data/image-1616309.0.jpg,0
CNN/data/image-1616310.0.jpg,0
CNN/data/image-1616311.0.jpg,0
CNN/data/image-1616312.0.jpg,0
CNN/data/image-1616313.0.jpg,0
CNN/data/image-1616314.0.jpg,0
CNN/data/image-1616315.0.jpg,0
CNN/data/image-1616316.0.jpg,0
CNN/data/image-1616317.0.jpg,0
CNN/data/image-1616318.0.jpg,0
CNN/data/image-1616319.0.jpg,0
CNN/data/image-1616320.0.jpg,0
CNN/data/image-1616321.0.jpg,0
CNN/data/image-1616322.0.jpg,0
CNN/data/image-1616323.0.jpg,0
CNN/data/image-1616324.0.jpg,0
CNN/data/image-1616325.0.jpg,0
CNN/data/image-1616326.0.jpg,0
CNN/data/image-1616327.0.jpg,0
CNN/data/image-1616328.0.jpg,0
CNN/data/image-1616329.0.jpg,0
CNN/data/image-1616330.0.jpg,0
CNN/data/image-1616331.0.jpg,0
CNN/data/image-1616332.0.jpg,0
CNN/data/image-1616333.0.jpg,0
CNN/data/image-1616334.0.jpg,0
CNN/data/image-1616335.0.jpg,0
CNN/data/image-1616336.0.jpg,0
CNN/data/image-1616337.0.jpg,0
CNN/data/image-1616338.0.jpg,0
CNN/data/image-1616339.0.jpg,0
CNN/data/image-1616340.0.jpg,0
CNN/data/image-1616341.0.jpg,0
CNN/data/image-1616342.0.jpg,0
CNN/data/image-1616343.0.jpg,0
CNN/data/image-1616344.0.jpg,0
CNN/data/image-1616345.0.jpg,0
CNN/data/image-1616346.0.jpg,0
CNN/data/image-1616347.0.jpg,0
CNN/data/image-1616348.0.jpg,0
CNN/data/image-1616349.0.jpg,0
CNN/data/image-1616350.0.jpg,0
CNN/data/image-1616351.0.jpg,0
CNN/data/image-1616352.0.jpg,0
CNN/data/image-1616353.0.jpg,0
CNN/data/image-1616354.0.jpg,0
CNN/data/image-1616355.0.jpg,0
CNN/data/image-1616356.0.jpg,0
CNN/data/image-1616357.0.jpg,0
CNN/data/image-1616358.0.jpg,0
CNN/data/image-1616359.0.jpg,0
CNN/data/image-1616360.0.jpg,0
CNN/data/image-1616361.0.jpg,0
CNN/data/image-1616362.0.jpg,0
CNN/data/image-1616363.0.jpg,0
CNN/data/image-1616364.0.jpg,0
CNN/data/image-1616365.0.jpg,0
CNN/data/image-1616366.0.jpg,0
CNN/data/image-1616367.0.jpg,0
CNN/data/image-1616368.0.jpg,0
CNN/data/image-1616369.0.jpg,0
CNN/data/image-1616370.0.jpg,0
CNN/data/image-1616371.0.jpg,0
CNN/data/image-1616372.0.jpg,0
CNN/data/image-1616373.0.jpg,0
CNN/data/image-1616374.0.jpg,0
CNN/data/image-1616375.0.jpg,10
CNN/data/image-1616376.0.jpg,10
CNN/data/image-1616377.0.jpg,10
CNN/data/image-1616378.0.jpg,10
CNN/data/image-1616379.0.jpg,10
CNN/data/image-1616380.0.jpg,10
CNN/data/image-1616381.0.jpg,10
CNN/data/image-1616382.0.jpg,10
CNN/data/image-1616383.0.jpg,10
CNN/data/image-1616384.0.jpg,10
CNN/data/image-1616385.0.jpg,10
CNN/data/image-1616386.0.jpg,10
CNN/data/image-1616387.0.jpg,10
CNN/data/image-1616388.0.jpg,10
CNN/data/image-1616389.0.jpg,10
CNN/data/image-1616390.0.jpg,10
CNN/data/image-1616391.0.jpg,10
CNN/data/image-1616392.0.jpg,10
CNN/data/image-1616393.0.jpg,10
CNN/data/image-1616394.0.jpg,10
CNN/data/image-1616395.0.jpg,10
CNN/data/image-1616396.0.jpg,10
CNN/data/image-1616397.0.jpg,10
CNN/data/image-1616398.0.jpg,10
CNN/data/image-1616399.0.jpg,10
CNN/data/image-1616400.0.jpg,10
CNN/data/image-1616401.0.jpg,10
CNN/data/image-1616402.0.jpg,10
CNN/data/image-1616403.0.jpg,10
CNN/data/image-1616404.0.jpg,10
CNN/data/image-1616405.0.jpg,10
CNN/data/image-1616406.0.jpg,10
CNN/data/image-1616407.0.jpg,10
CNN/data/image-1616408.0.jpg,10
CNN/data/image-1616409.0.jpg,10
CNN/data/image-1616410.0.jpg,10
CNN/data/image-1616411.0.jpg,10
CNN/data/image-1616412.0.jpg,10
CNN/data/image-1616413.0.jpg,10
CNN/data/image-1616414.0.jpg,10
CNN/data/image-1616415.0.jpg,10
CNN/data/image-1616416.0.jpg,10
CNN/data/image-1616417.0.jpg,10
CNN/data/image-1616418.0.jpg,10
CNN/data/image-1616419.0.jpg,10
CNN/data/image-1616420.0.jpg,10
CNN/data/image-1616421.0.jpg,10
CNN/data/image-1616422.0.jpg,10
CNN/data/image-1616423.0.jpg,10
CNN/data/image-1616424.0.jpg,10
CNN/data/image-1616425.0.jpg,10
CNN/data/image-1616426.0.jpg,10
CNN/data/image-1616427.0.jpg,10
CNN/data/image-1616428.0.jpg,10
CNN/data/image-1616429.0.jpg,10
CNN/data/image-1616430.0.jpg,10
CNN/data/image-1616431.0.jpg,10
CNN/data/image-1616432.0.jpg,10
CNN/data/image-1616433.0.jpg,10
CNN/data/image-1616434.0.jpg,10
CNN/data/image-1616435.0.jpg,10
CNN/data/image-1616436.0.jpg,10
CNN/data/image-1616437.0.jpg,10
CNN/data/image-1616438.0.jpg,10
CNN/data/image-1616439.0.jpg,0
CNN/data/image-1616440.0.jpg,0
CNN/data/image-1616441.0.jpg,-10
CNN/data/image-1616442.0.jpg,-10
CNN/data/image-1616443.0.jpg,-10
CNN/data/image-1616444.0.jpg,-10
CNN/data/image-1616445.0.jpg,-10
CNN/data/image-1616446.0.jpg,-10
CNN/data/image-1616447.0.jpg,-10
CNN/data/image-1616448.0.jpg,-10
CNN/data/image-1616449.0.jpg,-10
CNN/data/image-1616450.0.jpg,-10
CNN/data/image-1616451.0.jpg,-10
CNN/data/image-1616452.0.jpg,-10
CNN/data/image-1616453.0.jpg,-10
CNN/data/image-1616454.0.jpg,0
CNN/data/image-1616455.0.jpg,0
CNN/data/image-1616456.0.jpg,10
CNN/data/image-1616457.0.jpg,10
CNN/data/image-1616458.0.jpg,10
CNN/data/image-1616459.0.jpg,10
CNN/data/image-1616460.0.jpg,10
CNN/data/image-1616461.0.jpg,10
CNN/data/image-1616462.0.jpg,10
CNN/data/image-1616463.0.jpg,10
CNN/data/image-1616464.0.jpg,10
CNN/data/image-1616465.0.jpg,10
CNN/data/image-1616466.0.jpg,10
CNN/data/image-1616467.0.jpg,10
CNN/data/image-1616468.0.jpg,10
CNN/data/image-1616469.0.jpg,10
CNN/data/image-1616470.0.jpg,10
CNN/data/image-1616471.0.jpg,10
CNN/data/image-1616472.0.jpg,10
CNN/data/image-1616473.0.jpg,10
CNN/data/image-1616474.0.jpg,10
CNN/data/image-1616475.0.jpg,10
CNN/data/image-1616476.0.jpg,10
CNN/data/image-1616477.0.jpg,10
CNN/data/image-1616478.0.jpg,10
CNN/data/image-1616479.0.jpg,10
CNN/data/image-1616480.0.jpg,10
CNN/data/image-1616481.0.jpg,10
CNN/data/image-1616482.0.jpg,10
CNN/data/image-1616483.0.jpg,10
CNN/data/image-1616484.0.jpg,10
CNN/data/image-1616485.0.jpg,10
CNN/data/image-1616486.0.jpg,10
CNN/data/image-1616487.0.jpg,10
CNN/data/image-1616488.0.jpg,10
CNN/data/image-1616489.0.jpg,10
CNN/data/image-1616490.0.jpg,10
CNN/data/image-1616491.0.jpg,10
CNN/data/image-1616492.0.jpg,10
CNN/data/image-1616493.0.jpg,10
CNN/data/image-1616494.0.jpg,10
CNN/data/image-1616495.0.jpg,10
CNN/data/image-1616496.0.jpg,10
CNN/data/image-1616497.0.jpg,10
CNN/data/image-1616498.0.jpg,10
CNN/data/image-1616499.0.jpg,10
CNN/data/image-1616500.0.jpg,10
CNN/data/image-1616501.0.jpg,10
CNN/data/image-1616502.0.jpg,10
CNN/data/image-1616503.0.jpg,10
CNN/data/image-1616504.0.jpg,10
CNN/data/image-1616505.0.jpg,10
CNN/data/image-1616506.0.jpg,10
CNN/data/image-1616507.0.jpg,10
CNN/data/image-1616508.0.jpg,10
CNN/data/image-1616509.0.jpg,10
CNN/data/image-1616510.0.jpg,10
CNN/data/image-1616511.0.jpg,0
CNN/data/image-1616512.0.jpg,0
CNN/data/image-1616513.0.jpg,0
CNN/data/image-1616514.0.jpg,0
CNN/data/image-1616515.0.jpg,0
CNN/data/image-1616516.0.jpg,0
CNN/data/image-1616517.0.jpg,0
CNN/data/image-1616518.0.jpg,0
CNN/data/image-1616519.0.jpg,0
CNN/data/image-1616520.0.jpg,0
CNN/data/image-1616521.0.jpg,0
CNN/data/image-1616522.0.jpg,10
CNN/data/image-1616523.0.jpg,10
CNN/data/image-1616524.0.jpg,10
CNN/data/image-1616525.0.jpg,0
CNN/data/image-1616526.0.jpg,0
CNN/data/image-1616527.0.jpg,0
CNN/data/image-1616528.0.jpg,0
CNN/data/image-1616529.0.jpg,0
CNN/data/image-1616530.0.jpg,0
CNN/data/image-1616531.0.jpg,0
CNN/data/image-1616532.0.jpg,0
CNN/data/image-1616533.0.jpg,-10
CNN/data/image-1616534.0.jpg,-10
CNN/data/image-1616535.0.jpg,-10
CNN/data/image-1616536.0.jpg,-10
CNN/data/image-1616537.0.jpg,-10
CNN/data/image-1616538.0.jpg,-10
CNN/data/image-1616539.0.jpg,-10
CNN/data/image-1616540.0.jpg,-10
CNN/data/image-1616541.0.jpg,-10
CNN/data/image-1616542.0.jpg,-10
CNN/data/image-1616543.0.jpg,-10
CNN/data/image-1616544.0.jpg,-10
CNN/data/image-1616545.0.jpg,-10
CNN/data/image-1616546.0.jpg,-10
CNN/data/image-1616547.0.jpg,-10
CNN/data/image-1616548.0.jpg,-10
CNN/data/image-1616549.0.jpg,-10
CNN/data/image-1616550.0.jpg,-10
CNN/data/image-1616551.0.jpg,-10
CNN/data/image-1616552.0.jpg,-10
CNN/data/image-1616553.0.jpg,-10
CNN/data/image-1616554.0.jpg,-10
CNN/data/image-1616555.0.jpg,0
CNN/data/image-1616556.0.jpg,0
CNN/data/image-1616557.0.jpg,0
CNN/data/image-1616558.0.jpg,0
CNN/data/image-1616559.0.jpg,0
CNN/data/image-1616560.0.jpg,0
CNN/data/image-1616561.0.jpg,0
CNN/data/image-1616562.0.jpg,0
CNN/data/image-1616563.0.jpg,0
CNN/data/image-161